3	C	2026-02-02
4	D	2026-02-03
5	E	2026-02-04
6	F	2026-02-05
7	G	2026-02-06
8	H	2026-02-07
9	I	2026-02-09
10	J	2026-02-10
11	K	2026-02-11
12	L	2026-02-12
13	M	2026-02-13
14	N	2026-02-14
15	O	2026-02-16
16	P	2026-02-17
17	Q	2026-02-18
18	R	2026-02-19
19	S	2026-02-20
20	T	2026-02-21
21	U	2026-02-24
22	V	2026-02-25
23	W	2026-02-26
24	X	2026-02-27
25	Y	2026-02-28
26	Z	2026-03-02
27	AA	2026-03-03
28	AB	2026-03-04
29	AC	2026-03-05
30	AD	2026-03-06
31	AE	2026-03-07
32	AF	2026-03-10
33	AG	2026-03-11
34	AH	2026-03-12
35	AI	2026-03-13
36	AJ	2026-03-14
37	AK	2026-03-16
38	AL	2026-03-17
39	AM	2026-03-18
40	AN	2026-03-19
41	AO	2026-03-20
42	AP	2026-03-21
43	AQ	2026-03-23
44	AR	2026-03-24
45	AS	2026-03-25
46	AT	2026-03-26
47	AU	2026-03-27
48	AV	2026-03-28
49	AW	2026-03-30
50	AX	2026-03-31
51	AY	2026-04-01
52	AZ	2026-04-02
53	BA	2026-04-03
54	BB	2026-04-04
55	BC	2026-04-06
56	BD	2026-04-07
57	BE	2026-04-08
58	BF	2026-04-09
59	BG	2026-04-10
60	BH	2026-04-11
61	BI	2026-04-13
62	BJ	2026-04-14
63	BK	2026-04-15
64	BL	2026-04-16
65	BM	2026-04-17
66	BN	2026-04-18
67	BO	2026-04-20
68	BP	2026-04-21
69	BQ	2026-04-22
70	BR	2026-04-23
71	BS	2026-04-24
72	BT	2026-04-25
73	BU	2026-04-27
74	BV	2026-04-28
75	BW	2026-04-29
76	BX	2026-04-30
77	BY	2026-05-02
78	BZ	2026-05-04
79	CA	2026-05-05
80	CB	2026-05-06
81	CC	2026-05-07
82	CD	2026-05-08
83	CE	2026-05-11
84	CF	2026-05-12
85	CG	2026-05-13
86	CH	2026-05-14
87	CI	2026-05-15
88	CJ	2026-05-16
89	CK	2026-05-18
90	CL	2026-05-19
91	CM	2026-05-20
92	CN	2026-05-21
93	CO	2026-05-22
94	CP	2026-05-23
95	CQ	2026-05-25
96	CR	2026-05-26
97	CS	2026-05-27
98	CT	2026-05-28
99	CU	2026-05-29
100	CV	2026-05-30
101	CW	2026-06-01
102	CX	2026-06-02
103	CY	2026-06-03
104	CZ	2026-06-04
105	DA	2026-06-05
106	DB	2026-06-06
