SHEET	4 курс Леч сайт весна 2026
CELL	A1	1	1	"СОГЛАСОВАНО"
CELL	BZ1	1	78	" УТВЕРЖДЕНО"
CELL	A2	2	1	"Декан  лечебного  факультета"
CELL	BZ2	2	78	"Проректор по учебной работе"
CELL	A3	3	1	"Э.М Иутинский"
CELL	BZ3	3	78	"Е.Н. Касаткин"
CELL	A4	4	1	46017
CELL	BZ4	4	78	46017
CELL	A5	5	1	"РАСПИСАНИЕ     ЗАНЯТИЙ"
CELL	A6	6	1	"ДЛЯ   СТУДЕНТОВ   4  КУРСА   СПЕЦИАЛЬНОСТИ  ЛЕЧЕБНОЕ ДЕЛО"
CELL	A7	7	1	"НА ВТОРОЕ ПОЛУГОДИЕ 2025/26  уч. года    "
CELL	A8	8	1	"Начало учебных  занятий - 02 февраля 2026 г."
CELL	A10	10	1	"месяц"
CELL	C10	10	3	"Февраль 23 дня"
CELL	Z10	10	26	"Март 25 дней"
CELL	AY10	10	51	"Апрель 26 дней"
CELL	BY10	10	77	"Май 24 дня"
CELL	CW10	10	101	"Июнь 6 дней"
CELL	A11	11	1	"число"
CELL	C11	11	3	2
CELL	D11	11	4	3
CELL	E11	11	5	4
CELL	F11	11	6	5
CELL	G11	11	7	6
CELL	H11	11	8	7
CELL	I11	11	9	9
CELL	J11	11	10	10
CELL	K11	11	11	11
CELL	L11	11	12	12
CELL	M11	11	13	13
CELL	N11	11	14	14
CELL	O11	11	15	16
CELL	P11	11	16	17
CELL	Q11	11	17	18
CELL	R11	11	18	19
CELL	S11	11	19	20
CELL	T11	11	20	21
CELL	U11	11	21	24
CELL	V11	11	22	25
CELL	W11	11	23	26
CELL	X11	11	24	27
CELL	Y11	11	25	28
CELL	Z11	11	26	2
CELL	AA11	11	27	3
CELL	AB11	11	28	4
CELL	AC11	11	29	5
CELL	AD11	11	30	6
CELL	AE11	11	31	7
CELL	AF11	11	32	10
CELL	AG11	11	33	11
CELL	AH11	11	34	12
CELL	AI11	11	35	13
CELL	AJ11	11	36	14
CELL	AK11	11	37	16
CELL	AL11	11	38	17
CELL	AM11	11	39	18
CELL	AN11	11	40	19
CELL	AO11	11	41	20
CELL	AP11	11	42	21
CELL	AQ11	11	43	23
CELL	AR11	11	44	24
CELL	AS11	11	45	25
CELL	AT11	11	46	26
CELL	AU11	11	47	27
CELL	AV11	11	48	28
CELL	AW11	11	49	30
CELL	AX11	11	50	31
CELL	AY11	11	51	1
CELL	AZ11	11	52	2
CELL	BA11	11	53	3
CELL	BB11	11	54	4
CELL	BC11	11	55	6
CELL	BD11	11	56	7
CELL	BE11	11	57	8
CELL	BF11	11	58	9
CELL	BG11	11	59	10
CELL	BH11	11	60	11
CELL	BI11	11	61	13
CELL	BJ11	11	62	14
CELL	BK11	11	63	15
CELL	BL11	11	64	16
CELL	BM11	11	65	17
CELL	BN11	11	66	18
CELL	BO11	11	67	20
CELL	BP11	11	68	21
CELL	BQ11	11	69	22
CELL	BR11	11	70	23
CELL	BS11	11	71	24
CELL	BT11	11	72	25
CELL	BU11	11	73	27
CELL	BV11	11	74	28
CELL	BW11	11	75	29
CELL	BX11	11	76	30
CELL	BY11	11	77	2
CELL	BZ11	11	78	4
CELL	CA11	11	79	5
CELL	CB11	11	80	6
CELL	CC11	11	81	7
CELL	CD11	11	82	8
CELL	CE11	11	83	11
CELL	CF11	11	84	12
CELL	CG11	11	85	13
CELL	CH11	11	86	14
CELL	CI11	11	87	15
CELL	CJ11	11	88	16
CELL	CK11	11	89	18
CELL	CL11	11	90	19
CELL	CM11	11	91	20
CELL	CN11	11	92	21
CELL	CO11	11	93	22
CELL	CP11	11	94	23
CELL	CQ11	11	95	25
CELL	CR11	11	96	26
CELL	CS11	11	97	27
CELL	CT11	11	98	28
CELL	CU11	11	99	29
CELL	CV11	11	100	30
CELL	CW11	11	101	1
CELL	CX11	11	102	2
CELL	CY11	11	103	3
CELL	CZ11	11	104	4
CELL	DA11	11	105	5
CELL	DB11	11	106	6
CELL	A12	12	1	"день недели"
CELL	C12	12	3	"пн"
CELL	D12	12	4	"вт"
CELL	E12	12	5	"ср"
CELL	F12	12	6	"чт"
CELL	G12	12	7	"пт"
CELL	H12	12	8	"сб"
CELL	I12	12	9	"пн"
CELL	J12	12	10	"вт"
CELL	K12	12	11	"ср"
CELL	L12	12	12	"чт"
CELL	M12	12	13	"пт"
CELL	N12	12	14	"сб"
CELL	O12	12	15	"пн"
CELL	P12	12	16	"вт"
CELL	Q12	12	17	"ср"
CELL	R12	12	18	"чт"
CELL	S12	12	19	"пт"
CELL	T12	12	20	"сб"
CELL	U12	12	21	"вт"
CELL	V12	12	22	"ср"
CELL	W12	12	23	"чт"
CELL	X12	12	24	"пт"
CELL	Y12	12	25	"сб"
CELL	Z12	12	26	"пн"
CELL	AA12	12	27	"вт"
CELL	AB12	12	28	"ср"
CELL	AC12	12	29	"чт"
CELL	AD12	12	30	"пт"
CELL	AE12	12	31	"сб"
CELL	AF12	12	32	"вт"
CELL	AG12	12	33	"ср"
CELL	AH12	12	34	"чт"
CELL	AI12	12	35	"пт"
CELL	AJ12	12	36	"сб"
CELL	AK12	12	37	"пн"
CELL	AL12	12	38	"вт"
CELL	AM12	12	39	"ср"
CELL	AN12	12	40	"чт"
CELL	AO12	12	41	"пт"
CELL	AP12	12	42	"сб"
CELL	AQ12	12	43	"пн"
CELL	AR12	12	44	"вт"
CELL	AS12	12	45	"ср"
CELL	AT12	12	46	"чт"
CELL	AU12	12	47	"пт"
CELL	AV12	12	48	"сб"
CELL	AW12	12	49	"пн"
CELL	AX12	12	50	"вт"
CELL	AY12	12	51	"ср"
CELL	AZ12	12	52	"чт"
CELL	BA12	12	53	"пт"
CELL	BB12	12	54	"сб"
CELL	BC12	12	55	"пн"
CELL	BD12	12	56	"вт"
CELL	BE12	12	57	"ср"
CELL	BF12	12	58	"чт"
CELL	BG12	12	59	"пт"
CELL	BH12	12	60	"сб"
CELL	BI12	12	61	"пн"
CELL	BJ12	12	62	"вт"
CELL	BK12	12	63	"ср"
CELL	BL12	12	64	"чт"
CELL	BM12	12	65	"пт"
CELL	BN12	12	66	"сб"
CELL	BO12	12	67	"пн"
CELL	BP12	12	68	"вт"
CELL	BQ12	12	69	"ср"
CELL	BR12	12	70	"чт"
CELL	BS12	12	71	"пт"
CELL	BT12	12	72	"сб"
CELL	BU12	12	73	"пн"
CELL	BV12	12	74	"вт"
CELL	BW12	12	75	"ср"
CELL	BX12	12	76	"чт"
CELL	BY12	12	77	"сб"
CELL	BZ12	12	78	"пн"
CELL	CA12	12	79	"вт"
CELL	CB12	12	80	"ср"
CELL	CC12	12	81	"чт"
CELL	CD12	12	82	"пт"
CELL	CE12	12	83	"пн"
CELL	CF12	12	84	"вт"
CELL	CG12	12	85	"ср"
CELL	CH12	12	86	"чт"
CELL	CI12	12	87	"пт"
CELL	CJ12	12	88	"сб"
CELL	CK12	12	89	"пн"
CELL	CL12	12	90	"вт"
CELL	CM12	12	91	"ср"
CELL	CN12	12	92	"чт"
CELL	CO12	12	93	"пт"
CELL	CP12	12	94	"сб"
CELL	CQ12	12	95	"пн"
CELL	CR12	12	96	"вт"
CELL	CS12	12	97	"ср"
CELL	CT12	12	98	"чт"
CELL	CU12	12	99	"пт"
CELL	CV12	12	100	"сб"
CELL	CW12	12	101	"пн"
CELL	CX12	12	102	"вт"
CELL	CY12	12	103	"ср"
CELL	CZ12	12	104	"чт"
CELL	DA12	12	105	"пт"
CELL	DB12	12	106	"сб"
CELL	A13	13	1	"группы"
CELL	B13	13	2	401
CELL	C13	13	3	"Факультетская терапия,\r\nпрофессиональные  болезни"
CELL	S13	13	19	"Менеджмент в \r\nздравоохранении"
CELL	AA13	13	27	"Педиатрия"
CELL	AI13	13	35	"Урология"
CELL	AN13	13	40	"Факультет.\r\nхирургия"
CELL	AR13	13	44	"Офтальмология"
CELL	AW13	13	49	"Оториноларингология"
CELL	BJ13	13	62	"Акушерство и гинекология"
CELL	BV13	13	74	"М"
CELL	BW13	13	75	"**"
CELL	BZ13	13	78	"Неврология, нейрохирургия "
CELL	CJ13	13	88	"Психиатрия, МП"
CELL	CQ13	13	95	"Экзамены"
CELL	B14	14	2	402
CELL	C14	14	3	"Факультетская терапия,\r\nпрофессиональные  болезни"
CELL	S14	14	19	"Менеджмент в \r\nздравоохранении"
CELL	AA14	14	27	"Педиатрия"
CELL	AI14	14	35	"Урология"
CELL	AN14	14	40	"Факультет.\r\nхирургия"
CELL	AR14	14	44	"Офтальмология"
CELL	AW14	14	49	"Оториноларингология"
CELL	BJ14	14	62	"Акушерство и гинекология"
CELL	BV14	14	74	"М"
CELL	BZ14	14	78	"Неврология, нейрохирургия "
CELL	CJ14	14	88	"Психиатрия, МП"
CELL	B15	15	2	403
CELL	C15	15	3	"Факультетская терапия,\r\nпрофессиональные  болезни"
CELL	S15	15	19	"Педиатрия"
CELL	AA15	15	27	"Менеджмент в \r\nздравоохранении"
CELL	AI15	15	35	"Офтальмология"
CELL	AN15	15	40	"Урология"
CELL	AS15	15	45	"Факультет.\r\nхирургия"
CELL	AW15	15	49	"Акушерство и гинекология"
CELL	BI15	15	61	"М"
CELL	BJ15	15	62	"Оториноларингология"
CELL	BZ15	15	78	"Психиатрия, МП"
CELL	CF15	15	84	"Неврология, нейрохирургия "
CELL	B16	16	2	404
CELL	C16	16	3	"Факультетская терапия,\r\nпрофессиональные  болезни"
CELL	S16	16	19	"Педиатрия"
CELL	AA16	16	27	"Менеджмент в *\r\nздравоохранении"
CELL	AI16	16	35	"Офтальмология"
CELL	AN16	16	40	"Урология"
CELL	AS16	16	45	"Факультет.\r\nхирургия"
CELL	AW16	16	49	"Акушерство и гинекология"
CELL	BI16	16	61	"М"
CELL	BJ16	16	62	"Оториноларингология"
CELL	BZ16	16	78	"Психиатрия, МП"
CELL	CF16	16	84	"Неврология, нейрохирургия *"
CELL	B17	17	2	405
CELL	C17	17	3	"Неврология, нейрохирургия "
CELL	M17	17	13	"Психиатрия, МП"
CELL	S17	17	19	"Факультетская терапия,\r\nпрофессиональные  болезни"
CELL	AI17	17	35	"Менеджмент в \r\nздравоохранении"
CELL	AQ17	17	43	"Педиатрия"
CELL	AY17	17	51	"Урология"
CELL	BD17	17	56	"Факультет.\r\nхирургия"
CELL	BH17	17	60	"Офтальмология"
CELL	BM17	17	65	"Оториноларингология"
CELL	CA17	17	79	"Акушерство и гинекология"
CELL	CM17	17	91	"М"
CELL	B18	18	2	406
CELL	C18	18	3	"Неврология, нейрохирургия *"
CELL	M18	18	13	"Психиатрия, МП"
CELL	S18	18	19	"Факультетская терапия,\r\nпрофессиональные  болезни"
CELL	AI18	18	35	"Менеджмент в \r\nздравоохранении"
CELL	AQ18	18	43	"Педиатрия"
CELL	AY18	18	51	"Урология"
CELL	BD18	18	56	"Факультет.\r\nхирургия"
CELL	BH18	18	60	"Офтальмология"
CELL	BM18	18	65	"Оториноларингология"
CELL	CA18	18	79	"Акушерство и гинекология"
CELL	CM18	18	91	"М"
CELL	B19	19	2	407
CELL	C19	19	3	"Психиатрия, МП"
CELL	I19	19	9	"Неврология, нейрохирургия "
CELL	S19	19	19	"Факультетская терапия,\r\nпрофессиональные  болезни"
CELL	AI19	19	35	"Педиатрия"
CELL	AQ19	19	43	"Менеджмент в \r\nздравоохранении"
CELL	AY19	19	51	"Офтальмология"
CELL	BD19	19	56	"Урология"
CELL	BI19	19	61	"Факультет.\r\nхирургия"
CELL	BM19	19	65	"Акушерство и гинекология"
CELL	BZ19	19	78	"М"
CELL	CA19	19	79	"Оториноларингология"
CELL	B20	20	2	408
CELL	C20	20	3	"Психиатрия, МП"
CELL	I20	20	9	"Неврология, нейрохирургия "
CELL	S20	20	19	"Факультетская терапия,\r\nпрофессиональные  болезни"
CELL	AI20	20	35	"Педиатрия"
CELL	AQ20	20	43	"Менеджмент в *\r\nздравоохранении"
CELL	AY20	20	51	"Офтальмология"
CELL	BD20	20	56	"Урология"
CELL	BI20	20	61	"Факультет.\r\nхирургия"
CELL	BM20	20	65	"Акушерство и гинекология"
CELL	BZ20	20	78	"М"
CELL	CA20	20	79	"Оториноларингология"
CELL	B21	21	2	409
CELL	C21	21	3	"Оториноларингология"
CELL	P21	21	16	"Акушерство и гинекология"
CELL	AB21	21	28	"Неврология, нейрохирургия "
CELL	AL21	21	38	"Психиатрия, МП"
CELL	AR21	21	44	"Факультетская терапия,\r\nпрофессиональные  болезни"
CELL	BH21	21	60	"Менеджмент в \r\nздравоохранении"
CELL	BP21	21	68	"Педиатрия"
CELL	BX21	21	76	"М"
CELL	BZ21	21	78	"Урология"
CELL	CE21	21	83	"Факультет.\r\nхирургия"
CELL	CI21	21	87	"Офтальмология"
CELL	B22	22	2	410
CELL	C22	22	3	"Оториноларингология"
CELL	P22	22	16	"Акушерство и гинекология"
CELL	AB22	22	28	"Неврология, нейрохирургия *"
CELL	AL22	22	38	"Психиатрия, МП"
CELL	AR22	22	44	"Факультетская терапия,\r\nпрофессиональные  болезни"
CELL	BH22	22	60	"Менеджмент в \r\nздравоохранении"
CELL	BP22	22	68	"Педиатрия"
CELL	BX22	22	76	"М"
CELL	BZ22	22	78	"Урология"
CELL	CE22	22	83	"Факультет.\r\nхирургия"
CELL	CI22	22	87	"Офтальмология"
CELL	B23	23	2	411
CELL	C23	23	3	"Акушерство и гинекология"
CELL	O23	23	15	"Оториноларингология"
CELL	AB23	23	28	"Психиатрия, МП"
CELL	AH23	23	34	"Неврология, нейрохирургия "
CELL	AR23	23	44	"Факультетская терапия,\r\nпрофессиональные  болезни"
CELL	BH23	23	60	"Педиатрия"
CELL	BP23	23	68	"Менеджмент в \r\nздравоохранении"
CELL	BZ23	23	78	"Офтальмология"
CELL	CE23	23	83	"Урология"
CELL	CJ23	23	88	"Факультет.\r\nхирургия"
CELL	CN23	23	92	"М"
CELL	B24	24	2	412
CELL	C24	24	3	"Акушерство и гинекология"
CELL	O24	24	15	"Оториноларингология"
CELL	AB24	24	28	"Психиатрия, МП"
CELL	AH24	24	34	"Неврология, нейрохирургия "
CELL	AR24	24	44	"Факультетская терапия,\r\nпрофессиональные  болезни"
CELL	BH24	24	60	"Педиатрия"
CELL	BP24	24	68	"Менеджмент в *\r\nздравоохранении"
CELL	BZ24	24	78	"Офтальмология"
CELL	CE24	24	83	"Урология"
CELL	CJ24	24	88	"Факультет.\r\nхирургия"
CELL	CN24	24	92	"М"
CELL	B25	25	2	413
CELL	C25	25	3	"Урология"
CELL	H25	25	8	"Факультет.\r\nхирургия"
CELL	L25	25	12	"Офтальмология"
CELL	Q25	25	17	"Оториноларингология"
CELL	AD25	25	30	"Акушерство и гинекология"
CELL	AR25	25	44	"Неврология, нейрохирургия "
CELL	BB25	25	54	"Психиатрия, МП"
CELL	BH25	25	60	"Факультетская терапия,\r\nпрофессиональные  болезни"
CELL	BZ25	25	78	"Менеджмент в \r\nздравоохранении"
CELL	CG25	25	85	"Педиатрия"
CELL	CO25	25	93	"М"
CELL	B26	26	2	414
CELL	C26	26	3	"Урология"
CELL	H26	26	8	"Факультет.\r\nхирургия"
CELL	L26	26	12	"Офтальмология"
CELL	Q26	26	17	"Оториноларингология"
CELL	AD26	26	30	"Акушерство и гинекология"
CELL	AR26	26	44	"Неврология, нейрохирургия *"
CELL	BB26	26	54	"Психиатрия, МП"
CELL	BH26	26	60	"Факультетская терапия,\r\nпрофессиональные  болезни"
CELL	BZ26	26	78	"Менеджмент в \r\nздравоохранении"
CELL	CG26	26	85	"Педиатрия"
CELL	CO26	26	93	"М"
CELL	B27	27	2	415
CELL	C27	27	3	"Офтальмология"
CELL	H27	27	8	"Урология"
CELL	M27	27	13	"Факультет.\r\nхирургия"
CELL	Q27	27	17	"Акушерство и гинекология"
CELL	AD27	27	30	"Оториноларингология"
CELL	AR27	27	44	"Психиатрия, МП"
CELL	AX27	27	50	"Неврология, нейрохирургия "
CELL	BH27	27	60	"Факультетская терапия,\r\nпрофессиональные  болезни"
CELL	BZ27	27	78	"Педиатрия"
CELL	CG27	27	85	"Менеджмент в \r\nздравоохранении"
CELL	CO27	27	93	"М"
CELL	B28	28	2	416
CELL	C28	28	3	"Офтальмология"
CELL	H28	28	8	"Урология"
CELL	M28	28	13	"Факультет.\r\nхирургия"
CELL	Q28	28	17	"Акушерство и гинекология"
CELL	AD28	28	30	"Оториноларингология"
CELL	AR28	28	44	"Психиатрия, МП"
CELL	AX28	28	50	"Неврология, нейрохирургия "
CELL	BH28	28	60	"Факультетская терапия,\r\nпрофессиональные  болезни"
CELL	BZ28	28	78	"Педиатрия"
CELL	CG28	28	85	"Менеджмент в *\r\nздравоохранении"
CELL	CO28	28	93	"М"
CELL	B29	29	2	417
CELL	C29	29	3	"Менеджмент в \r\nздравоохранении"
CELL	K29	29	11	"Педиатрия"
CELL	S29	29	19	"Урология"
CELL	X29	29	24	"Факультет.\r\nхирургия"
CELL	AB29	29	28	"Офтальмология"
CELL	AG29	29	33	"М"
CELL	AH29	29	34	"Оториноларингология"
CELL	AU29	29	47	"Акушерство и гинекология"
CELL	BH29	29	60	"Неврология, нейрохирургия "
CELL	BR29	29	70	"Психиатрия, МП"
CELL	BZ29	29	78	"Факультетская терапия, проф. болезни"
CELL	B30	30	2	418
CELL	C30	30	3	"Менеджмент в \r\nздравоохранении"
CELL	K30	30	11	"Педиатрия"
CELL	S30	30	19	"Урология"
CELL	X30	30	24	"Факультет.\r\nхирургия"
CELL	AB30	30	28	"Офтальмология"
CELL	AG30	30	33	"М"
CELL	AH30	30	34	"Оториноларингология"
CELL	AU30	30	47	"Акушерство и гинекология"
CELL	BH30	30	60	"Неврология, нейрохирургия *"
CELL	BR30	30	70	"Психиатрия, МП"
CELL	BZ30	30	78	"Факультетская терапия, проф. болезни"
CELL	B31	31	2	419
CELL	C31	31	3	"Педиатрия"
CELL	K31	31	11	"Менеджмент в \r\nздравоохранении"
CELL	S31	31	19	"Офтальмология"
CELL	X31	31	24	"Урология"
CELL	AC31	31	29	"Факультет.\r\nхирургия"
CELL	AG31	31	33	"Акушерство и гинекология"
CELL	AS31	31	45	"М"
CELL	AT31	31	46	"Оториноларингология"
CELL	BH31	31	60	"Психиатрия, МП"
CELL	BN31	31	66	"Неврология, нейрохирургия "
CELL	BZ31	31	78	"Факультетская терапия, проф. болезни"
CELL	B32	32	2	420
CELL	C32	32	3	"Педиатрия"
CELL	K32	32	11	"Менеджмент в *\r\nздравоохранении"
CELL	S32	32	19	"Офтальмология"
CELL	X32	32	24	"Урология"
CELL	AC32	32	29	"Факультет.\r\nхирургия"
CELL	AG32	32	33	"Акушерство и гинекология"
CELL	AS32	32	45	"М"
CELL	AT32	32	46	"Оториноларингология"
CELL	BH32	32	60	"Психиатрия, МП"
CELL	BN32	32	66	"Неврология, нейрохирургия "
CELL	BZ32	32	78	"Факультетская терапия, проф. болезни"
CELL	B34	34	2	"*- первый день занятий во вторую смену"
CELL	BM34	34	65	" "
CELL	BZ34	34	78	" "
CELL	B35	35	2	"**пустые ячейки - самостоятельная работа"
CELL	AC35	35	29	" "
CELL	AU35	35	47	" "
CELL	AX35	35	50	" "
CELL	CK35	35	89	" "
CELL	B36	36	2	"М - защита проекта по менеджменту в здравоохранении"
CELL	AV36	36	48	" "
CELL	BU36	36	73	" "
CELL	AH37	37	34	" "
CELL	AV37	37	48	" "
CELL	CH37	37	86	" "
CELL	CI37	37	87	" "
CELL	CJ37	37	88	" "
CELL	B38	38	2	"№ п/п"
CELL	C38	38	3	"Дисциплина"
CELL	U38	38	21	"Форма промежуточной аттестации"
CELL	AA38	38	27	"Кафедра"
CELL	AP38	38	42	"База практической подготовки"
CELL	BP38	38	68	"Адрес"
CELL	BX38	38	76	"Время проведения занятий"
CELL	BX39	39	76	"1 смена"
CELL	CD39	39	82	"2 смена"
CELL	CL39	39	90	" "
CELL	B40	40	2	1
CELL	C40	40	3	"Факультетская терапия, профессиональные болезни.  Практ.подг."
CELL	U40	40	21	"Экзамен"
CELL	AA40	40	27	"Факультетской терапии"
CELL	AP40	40	42	"КОГБУЗ \"Центр кардиологии и неврологии\""
CELL	BP40	40	68	"ул. Ивана Попова, 41"
CELL	BX40	40	76	"9.00-12.05"
CELL	C41	41	3	"Факультетская терапия, профессиональные болезни.  Лекции"
CELL	AA41	41	27	"Факультетской терапии"
CELL	AP41	41	42	"Учебный корпус № 3"
CELL	BP41	41	68	"ул. Владимирская, 112"
CELL	BX41	41	76	"1 поток\r\nпн с 02.02-06.04\r\n14.45-16.15\r\nауд. 3-803\r\n\r\n"
CELL	CD41	41	82	"2 поток\r\nср с 04.02-25.03.\r\n14.30-16.00\r\nауд. 3-819"
CELL	CZ41	41	104	" "
CELL	B42	42	2	2
CELL	C42	42	3	"Педиатрия"
CELL	AA42	42	27	"Пропедевтики детских болезней"
CELL	AP42	42	42	"КОГБУЗ \"Детский клинический консультативно-диагностический центр\""
CELL	BP42	42	68	"ул. Красноармейская, 43"
CELL	BX42	42	76	"8.30-11.35"
CELL	B43	43	2	3
CELL	C43	43	3	"Неврология, нейрохирургия"
CELL	U43	43	21	"Экзамен"
CELL	AA43	43	27	"Неврологии, нейрохирургии и нейрореабилитации"
CELL	AP43	43	42	"КОГБУЗ \"Кировская областная клиническая больница\""
CELL	BP43	43	68	"ул. Воровского, 42"
CELL	BX43	43	76	"9.00-12.05"
CELL	CD43	43	82	"10.30-13.35"
CELL	B44	44	2	4
CELL	C44	44	3	"Офтальмология"
CELL	U44	44	21	"Зачёт"
CELL	AA44	44	27	"Офтальмологии"
CELL	AP44	44	42	"КОГБУЗ \"Кировская клиническая офтальмологическая больница\""
CELL	BP44	44	68	"Октябрьский проспект, 10а"
CELL	BX44	44	76	"8.30-11.35"
CELL	B45	45	2	5
CELL	C45	45	3	"Психиатрия, медицинская психология"
CELL	AA45	45	27	"Психиатрии им. професора В.И. Багаева"
CELL	AP45	45	42	"КОГБУЗ \"Кировская областная клиническая психиатрическая больница \r\nим. академика В. М. Бехтерева\""
CELL	BP45	45	68	"пос. Ганино"
CELL	BX45	45	76	"9.00-12.05"
CELL	B46	46	2	6
CELL	C46	46	3	"Акушерство и гинекология"
CELL	U46	46	21	"Зачёт"
CELL	AA46	46	27	"Акушерства и гинекологии"
CELL	AP46	46	42	"КОГБУЗ \"Кировский областной клинический перинатальный центр\""
CELL	BP46	46	68	"ул. Московская, 163"
CELL	BX46	46	76	"8.30-12.25"
CELL	B47	47	2	7
CELL	C47	47	3	"Менеджмент в здравоохранении (М - день зачета)"
CELL	U47	47	21	"Зачёт"
CELL	AA47	47	27	"Менеджмента и товароведения"
CELL	AP47	47	42	"Кировский ГМУ, учебный корпус № 1"
CELL	BP47	47	68	"ул. Владимирская, 137"
CELL	BX47	47	76	"8.30-11.35"
CELL	CD47	47	82	"12.00-15.05"
CELL	B48	48	2	8
CELL	C48	48	3	"Оториноларингология"
CELL	U48	48	21	"Зачёт"
CELL	AA48	48	27	"Госпитальной хирургии"
CELL	AP48	48	42	"КОГБУЗ \"Кировская областная клиническая больница\""
CELL	BP48	48	68	"ул. Воровского, 42"
CELL	BX48	48	76	"9.00-12.05"
CELL	B49	49	2	9
CELL	C49	49	3	"Факультетская хирургия (раздел)"
CELL	U49	49	21	"Экзамен"
CELL	AA49	49	27	"Факультетской хирургии"
CELL	AP49	49	42	"КОГКБУЗ \" Больница скорой медицинской помощи\""
CELL	BP49	49	68	" ул. Свердлова, 4"
CELL	BX49	49	76	"8.30-11.35"
CELL	B50	50	2	10
CELL	C50	50	3	"Урология (раздел)"
CELL	AA50	50	27	"Факультетской хирургии"
CELL	AP50	50	42	"КОГКБУЗ \" Больница скорой медицинской помощи\""
CELL	BP50	50	68	" ул. Свердлова, 4"
CELL	BX50	50	76	"8.30-11.35"
CELL	B51	51	2	11
CELL	C51	51	3	"Элективные дисциплины по физической культуре и спорту"
CELL	U51	51	21	"Зачёт"
CELL	AA51	51	27	"Физической культуры"
CELL	AP51	51	42	"Кировский ГМУ, учебный корпус № 3 Физкультурно-оздоровительный комплекс"
CELL	BP51	51	68	"ул. Владимирская, 112"
CELL	BX51	51	76	"1 поток\r\nпонедельник \r\nс 02.02-18.05\r\n16.45-18.15\r\nвторник  07.04, 14.04\r\n14.30-16.00\r\n\r\n"
CELL	CD51	51	82	"2 поток\r\nсреда \r\nс 04.02-20.05\r\n16.30-18.00"
CELL	Q52	52	17	" "
CELL	AB52	52	28	" "
CELL	AT52	52	46	" "
CELL	AX52	52	50	" "
CELL	B53	53	2	"Лекции по дисциплинам размещены на образовательном сайте Кировского ГМУ"
CELL	Z55	55	26	" "
CELL	AF55	55	32	" "
CELL	CG55	55	85	" "
CELL	B56	56	2	"Начальник учебного отдела"
CELL	N56	56	14	"Н.Л. Негодяева"
CELL	T56	56	20	" "
CELL	B57	57	2	46017
CELL	U59	59	21	" "
CELL	Y62	62	25	" "
MERGE	C21:O21	21	21	3	15
MERGE	CJ14:CO14	14	14	88	93
MERGE	BZ15:CE15	15	15	78	83
MERGE	BZ16:CE16	16	16	78	83
MERGE	AA15:AH15	15	15	27	34
MERGE	AA16:AH16	16	16	27	34
MERGE	BZ14:CI14	14	14	78	87
MERGE	CF15:CO15	15	15	84	93
MERGE	CF16:CO16	16	16	84	93
MERGE	BH21:BO21	21	21	60	67
MERGE	AI17:AP17	17	17	35	42
MERGE	AB21:AK21	21	21	28	37
MERGE	C19:H19	19	19	3	8
MERGE	C20:H20	20	20	3	8
MERGE	M17:R17	17	17	13	18
MERGE	M18:R18	18	18	13	18
MERGE	C17:L17	17	17	3	12
MERGE	C18:L18	18	18	3	12
MERGE	AY10:BX10	10	10	51	76
MERGE	BY10:CV10	10	10	77	100
MERGE	BZ13:CI13	13	13	78	87
MERGE	CJ13:CO13	13	13	88	93
MERGE	CE21:CH21	21	21	83	86
MERGE	AR14:AV14	14	14	44	48
MERGE	AY19:BC19	19	19	51	55
MERGE	AY20:BC20	20	20	51	55
MERGE	BH17:BL17	17	17	60	64
MERGE	AY17:BC17	17	17	51	55
MERGE	BH18:BL18	18	18	60	64
MERGE	AQ19:AX19	19	19	43	50
MERGE	AQ20:AX20	20	20	43	50
MERGE	BJ14:BU14	14	14	62	73
MERGE	BW13:BY13	13	13	75	77
MERGE	AP42:BO42	42	42	42	67
MERGE	BP42:BW42	42	42	68	75
MERGE	AA41:AO41	41	41	27	41
MERGE	AP41:BO41	41	41	42	67
MERGE	BP41:BW41	41	41	68	75
MERGE	AP38:BO39	38	39	42	67
MERGE	AR13:AV13	13	13	44	48
MERGE	AW13:BI13	13	13	49	61
MERGE	AA40:AO40	40	40	27	41
MERGE	AP40:BO40	40	40	42	67
MERGE	BP40:BW40	40	40	68	75
MERGE	BP38:BW39	38	39	68	75
MERGE	AI15:AM15	15	15	35	39
MERGE	AI16:AM16	16	16	35	39
MERGE	AS16:AV16	16	16	45	48
MERGE	BD17:BG17	17	17	56	59
MERGE	BD18:BG18	18	18	56	59
MERGE	AW14:BI14	14	14	49	61
MERGE	BJ15:BV15	15	15	62	74
MERGE	BJ16:BV16	16	16	62	74
MERGE	BM19:BX19	19	19	65	76
MERGE	BM20:BX20	20	20	65	76
MERGE	BM17:BX17	17	17	65	76
MERGE	BM18:BX18	18	18	65	76
MERGE	CW10:DB10	10	10	101	106
MERGE	B57:D57	57	57	2	4
MERGE	C49:T49	49	49	3	20
MERGE	C50:T50	50	50	3	20
MERGE	CQ13:DB32	13	32	95	106
MERGE	C16:R16	16	16	3	18
MERGE	I20:R20	20	20	9	18
MERGE	S20:AH20	20	20	19	34
MERGE	AI13:AM13	13	13	35	39
MERGE	AN13:AQ13	13	13	40	43
MERGE	CD47:CH47	47	47	82	86
MERGE	CD48:CH48	48	48	82	86
MERGE	CD49:CH49	49	49	82	86
MERGE	CD50:CH50	50	50	82	86
MERGE	CD51:CH51	51	51	82	86
MERGE	BX47:CC47	47	47	76	81
MERGE	BX48:CC48	48	48	76	81
MERGE	BX49:CC49	49	49	76	81
MERGE	BX50:CC50	50	50	76	81
MERGE	BX51:CC51	51	51	76	81
MERGE	AA48:AO48	48	48	27	41
MERGE	U46:Z46	46	46	21	26
MERGE	U47:Z47	47	47	21	26
MERGE	C40:T40	40	40	3	20
MERGE	C38:T39	38	39	3	20
MERGE	U40:Z41	40	41	21	26
MERGE	U48:Z48	48	48	21	26
MERGE	U42:Z42	42	42	21	26
MERGE	B38:B39	38	39	2	2
MERGE	U38:Z39	38	39	21	26
MERGE	AA38:AO39	38	39	27	41
MERGE	C43:T43	43	43	3	20
MERGE	C46:T46	46	46	3	20
MERGE	C44:T44	44	44	3	20
MERGE	AA42:AO42	42	42	27	41
MERGE	C41:T41	41	41	3	20
MERGE	U44:Z44	44	44	21	26
MERGE	AA44:AO44	44	44	27	41
MERGE	U43:Z43	43	43	21	26
MERGE	AA43:AO43	43	43	27	41
MERGE	AA46:AO46	46	46	27	41
MERGE	C47:T47	47	47	3	20
MERGE	C48:T48	48	48	3	20
MERGE	C45:T45	45	45	3	20
MERGE	C42:T42	42	42	3	20
MERGE	AP51:BO51	51	51	42	67
MERGE	BJ13:BU13	13	13	62	73
MERGE	C14:R14	14	14	3	18
MERGE	C15:R15	15	15	3	18
MERGE	AR21:BG21	21	21	44	59
MERGE	AI14:AM14	14	14	35	39
MERGE	AN15:AR15	15	15	40	44
MERGE	AN16:AR16	16	16	40	44
MERGE	AN14:AQ14	14	14	40	43
MERGE	AS15:AV15	15	15	45	48
MERGE	BP45:BW45	45	45	68	75
MERGE	AP47:BO47	47	47	42	67
MERGE	BP47:BW47	47	47	68	75
MERGE	AA47:AO47	47	47	27	41
MERGE	AP48:BO48	48	48	42	67
MERGE	BP48:BW48	48	48	68	75
MERGE	U49:Z50	49	50	21	26
MERGE	BP44:BW44	44	44	68	75
MERGE	BP43:BW43	43	43	68	75
MERGE	AP46:BO46	46	46	42	67
MERGE	BP46:BW46	46	46	68	75
MERGE	BP51:BW51	51	51	68	75
MERGE	C51:T51	51	51	3	20
MERGE	AA49:AO49	49	49	27	41
MERGE	A10:B10	10	10	1	2
MERGE	A11:B11	11	11	1	2
MERGE	A12:B12	12	12	1	2
MERGE	C13:R13	13	13	3	18
MERGE	S13:Z13	13	13	19	26
MERGE	AA13:AH13	13	13	27	34
MERGE	C10:Y10	10	10	3	25
MERGE	Z10:AX10	10	10	26	50
MERGE	U45:Z45	45	45	21	26
MERGE	AA45:AO45	45	45	27	41
MERGE	AP45:BO45	45	45	42	67
MERGE	B40:B41	40	41	2	2
MERGE	AP44:BO44	44	44	42	67
MERGE	AP43:BO43	43	43	42	67
MERGE	S17:AH17	17	17	19	34
MERGE	C27:G27	27	27	3	7
MERGE	C28:G28	28	28	3	7
MERGE	C29:J29	29	29	3	10
MERGE	C30:J30	30	30	3	10
MERGE	H25:K25	25	25	8	11
MERGE	H26:K26	26	26	8	11
MERGE	C25:G25	25	25	3	7
MERGE	C26:G26	26	26	3	7
MERGE	H27:L27	27	27	8	12
MERGE	AP49:BO49	49	49	42	67
MERGE	BP49:BW49	49	49	68	75
MERGE	AA50:AO50	50	50	27	41
MERGE	AP50:BO50	50	50	42	67
MERGE	BP50:BW50	50	50	68	75
MERGE	U51:Z51	51	51	21	26
MERGE	AA51:AO51	51	51	27	41
MERGE	AR23:BG23	23	23	44	59
MERGE	AR24:BG24	24	24	44	59
MERGE	BN32:BW32	32	32	66	75
MERGE	AR25:BA25	25	25	44	53
MERGE	AR26:BA26	26	26	44	53
MERGE	AX27:BG27	27	27	50	59
MERGE	BH25:BW25	25	25	60	75
MERGE	BH26:BW26	26	26	60	75
MERGE	BH27:BW27	27	27	60	75
MERGE	BH28:BW28	28	28	60	75
MERGE	AX28:BG28	28	28	50	59
MERGE	AH23:AQ23	23	23	34	43
MERGE	AH24:AQ24	24	24	34	43
MERGE	X30:AA30	30	30	24	27
MERGE	B35:AB35	35	35	2	28
MERGE	C23:N23	23	23	3	14
MERGE	C24:N24	24	24	3	14
MERGE	S14:Z14	14	14	19	26
MERGE	AA14:AH14	14	14	27	34
MERGE	S15:Z15	15	15	19	26
MERGE	S16:Z16	16	16	19	26
MERGE	AI19:AP19	19	19	35	42
MERGE	AI20:AP20	20	20	35	42
MERGE	AQ17:AX17	17	17	43	50
MERGE	AQ18:AX18	18	18	43	50
MERGE	BZ21:CD21	21	21	78	82
MERGE	BD19:BH19	19	19	56	60
MERGE	BD20:BH20	20	20	56	60
MERGE	CA19:CM19	19	19	79	91
MERGE	S18:AH18	18	18	19	34
MERGE	S19:AH19	19	19	19	34
MERGE	AY18:BC18	18	18	51	55
MERGE	AI18:AP18	18	18	35	42
MERGE	CA17:CL17	17	17	79	90
MERGE	CA18:CL18	18	18	79	90
MERGE	C31:J31	31	31	3	10
MERGE	C32:J32	32	32	3	10
MERGE	K29:R29	29	29	11	18
MERGE	K30:R30	30	30	11	18
MERGE	S31:W31	31	31	19	23
MERGE	S32:W32	32	32	19	23
MERGE	S29:W29	29	29	19	23
MERGE	S30:W30	30	30	19	23
MERGE	K32:R32	32	32	11	18
MERGE	M28:P28	28	28	13	16
MERGE	AB29:AF29	29	29	28	32
MERGE	AB30:AF30	30	30	28	32
MERGE	C22:O22	22	22	3	15
MERGE	L25:P25	25	25	12	16
MERGE	L26:P26	26	26	12	16
MERGE	AL22:AQ22	22	22	38	43
MERGE	O23:AA23	23	23	15	27
MERGE	O24:AA24	24	24	15	27
MERGE	AD27:AP27	27	27	30	42
MERGE	AD28:AP28	28	28	30	42
MERGE	AH29:AT29	29	29	34	46
MERGE	Q25:AC25	25	25	17	29
MERGE	Q26:AC26	26	26	17	29
MERGE	X29:AA29	29	29	24	27
MERGE	M27:P27	27	27	13	16
MERGE	H28:L28	28	28	8	12
MERGE	AR22:BG22	22	22	44	59
MERGE	AG31:AR31	31	31	33	44
MERGE	BB25:BG25	25	25	54	59
MERGE	BB26:BG26	26	26	54	59
MERGE	AT31:BF31	31	31	46	58
MERGE	AT32:BF32	32	32	46	58
MERGE	AH30:AT30	30	30	34	46
MERGE	Q27:AB27	27	27	17	28
MERGE	CE22:CH22	22	22	83	86
MERGE	BI19:BL19	19	19	61	64
MERGE	BI20:BL20	20	20	61	64
MERGE	CA20:CM20	20	20	79	91
MERGE	BP21:BW21	21	21	68	75
MERGE	BP22:BW22	22	22	68	75
MERGE	BZ27:CF27	27	27	78	84
MERGE	BZ28:CF28	28	28	78	84
MERGE	BZ29:CN29	29	29	78	92
MERGE	BZ30:CN30	30	30	78	92
MERGE	BZ31:CN31	31	31	78	92
MERGE	BZ32:CN32	32	32	78	92
MERGE	BZ22:CD22	22	22	78	82
MERGE	BH31:BM31	31	31	60	65
MERGE	BH32:BM32	32	32	60	65
MERGE	BR29:BW29	29	29	70	75
MERGE	BR30:BW30	30	30	70	75
MERGE	BH29:BQ29	29	29	60	69
MERGE	BH30:BQ30	30	30	60	69
MERGE	BN31:BW31	31	31	66	75
MERGE	AU29:BF29	29	29	47	58
MERGE	AU30:BF30	30	30	47	58
MERGE	BZ24:CD24	24	24	78	82
MERGE	AW15:BH15	15	15	49	60
MERGE	AW16:BH16	16	16	49	60
MERGE	BP23:BW23	23	23	68	75
MERGE	BP24:BW24	24	24	68	75
MERGE	AB22:AK22	22	22	28	37
MERGE	AR27:AW27	27	27	44	49
MERGE	AR28:AW28	28	28	44	49
MERGE	AL21:AQ21	21	21	38	43
MERGE	I19:R19	19	19	9	18
MERGE	X31:AB31	31	31	24	28
MERGE	X32:AB32	32	32	24	28
MERGE	AC31:AF31	31	31	29	32
MERGE	AC32:AF32	32	32	29	32
MERGE	CG25:CN25	25	25	85	92
MERGE	CI21:CM21	21	21	87	91
MERGE	CI22:CM22	22	22	87	91
MERGE	CG28:CN28	28	28	85	92
MERGE	K31:R31	31	31	11	18
MERGE	Q28:AB28	28	28	17	28
MERGE	AB23:AG23	23	23	28	33
MERGE	AB24:AG24	24	24	28	33
MERGE	AG32:AR32	32	32	33	44
MERGE	AD25:AO25	25	25	30	41
MERGE	AD26:AO26	26	26	30	41
MERGE	P21:AA21	21	21	16	27
MERGE	P22:AA22	22	22	16	27
MERGE	BZ26:CF26	26	26	78	84
MERGE	BZ25:CF25	25	25	78	84
MERGE	CJ23:CM23	23	23	88	91
MERGE	CJ24:CM24	24	24	88	91
MERGE	BH22:BO22	22	22	60	67
MERGE	BZ23:CD23	23	23	78	82
MERGE	A1:K1	1	1	1	11
MERGE	BZ1:CL1	1	1	78	90
MERGE	A2:K2	2	2	1	11
MERGE	BZ2:CL2	2	2	78	90
MERGE	A3:K3	3	3	1	11
MERGE	BZ3:CL3	3	3	78	90
MERGE	CD45:CH45	45	45	82	86
MERGE	A4:C4	4	4	1	3
MERGE	BZ4:CC4	4	4	78	81
MERGE	A5:CM5	5	5	1	91
MERGE	A6:CL6	6	6	1	90
MERGE	A7:CL7	7	7	1	90
MERGE	A8:CL8	8	8	1	90
MERGE	B34:O34	34	34	2	15
MERGE	B36:Y36	36	36	2	25
MERGE	A13:A32	13	32	1	1
MERGE	BX44:CC44	44	44	76	81
MERGE	BX45:CC45	45	45	76	81
MERGE	CG27:CN27	27	27	85	92
MERGE	BH23:BO23	23	23	60	67
MERGE	BH24:BO24	24	24	60	67
MERGE	CG26:CN26	26	26	85	92
MERGE	CE23:CI23	23	23	83	87
MERGE	CE24:CI24	24	24	83	87
MERGE	BX46:CC46	46	46	76	81
MERGE	CD46:CH46	46	46	82	86
MERGE	CD39:CH39	39	39	82	86
MERGE	CD40:CH40	40	40	82	86
MERGE	CD41:CH41	41	41	82	86
MERGE	CD42:CH42	42	42	82	86
MERGE	CD43:CH43	43	43	82	86
MERGE	CD44:CH44	44	44	82	86
MERGE	BX38:CH38	38	38	76	86
MERGE	BX39:CC39	39	39	76	81
MERGE	BX40:CC40	40	40	76	81
MERGE	BX41:CC41	41	41	76	81
MERGE	BX42:CC42	42	42	76	81
MERGE	BX43:CC43	43	43	76	81
STYLE	A4	69	19	46017
STYLE	B4	69	19	""
STYLE	C4	69	19	""
STYLE	BZ4	69	19	46017
STYLE	CA4	69	19	""
STYLE	CB4	69	19	""
STYLE	CC4	69	19	""
STYLE	A8	70	19	"Начало учебных  занятий - 02 февраля 2026 г."
STYLE	B8	70	19	""
STYLE	C8	70	19	""
STYLE	D8	70	19	""
STYLE	E8	70	19	""
STYLE	F8	70	19	""
STYLE	G8	70	19	""
STYLE	H8	70	19	""
STYLE	I8	70	19	""
STYLE	J8	70	19	""
STYLE	K8	70	19	""
STYLE	L8	70	19	""
STYLE	M8	70	19	""
STYLE	N8	70	19	""
STYLE	O8	70	19	""
STYLE	P8	70	19	""
STYLE	Q8	70	19	""
STYLE	R8	70	19	""
STYLE	S8	70	19	""
STYLE	T8	70	19	""
STYLE	U8	70	19	""
STYLE	V8	70	19	""
STYLE	W8	70	19	""
STYLE	X8	70	19	""
STYLE	Y8	70	19	""
STYLE	Z8	70	19	""
STYLE	AA8	70	19	""
STYLE	AB8	70	19	""
STYLE	AC8	70	19	""
STYLE	AD8	70	19	""
STYLE	AE8	70	19	""
STYLE	AF8	70	19	""
STYLE	AG8	70	19	""
STYLE	AH8	70	19	""
STYLE	AI8	70	19	""
STYLE	AJ8	70	19	""
STYLE	AK8	70	19	""
STYLE	AL8	70	19	""
STYLE	AM8	70	19	""
STYLE	AN8	70	19	""
STYLE	AO8	70	19	""
STYLE	AP8	70	19	""
STYLE	AQ8	70	19	""
STYLE	AR8	70	19	""
STYLE	AS8	70	19	""
STYLE	AT8	70	19	""
STYLE	AU8	70	19	""
STYLE	AV8	70	19	""
STYLE	AW8	70	19	""
STYLE	AX8	70	19	""
STYLE	AY8	70	19	""
STYLE	AZ8	70	19	""
STYLE	BA8	70	19	""
STYLE	BB8	70	19	""
STYLE	BC8	70	19	""
STYLE	BD8	70	19	""
STYLE	BE8	70	19	""
STYLE	BF8	70	19	""
STYLE	BG8	70	19	""
STYLE	BH8	70	19	""
STYLE	BI8	70	19	""
STYLE	BJ8	70	19	""
STYLE	BK8	70	19	""
STYLE	BL8	70	19	""
STYLE	BM8	70	19	""
STYLE	BN8	70	19	""
STYLE	BO8	70	19	""
STYLE	BP8	70	19	""
STYLE	BQ8	70	19	""
STYLE	BR8	70	19	""
STYLE	BS8	70	19	""
STYLE	BT8	70	19	""
STYLE	BU8	70	19	""
STYLE	BV8	70	19	""
STYLE	BW8	70	19	""
STYLE	BX8	70	19	""
STYLE	BY8	70	19	""
STYLE	BZ8	70	19	""
STYLE	CA8	70	19	""
STYLE	CB8	70	19	""
STYLE	CC8	70	19	""
STYLE	CD8	70	19	""
STYLE	CE8	70	19	""
STYLE	CF8	70	19	""
STYLE	CG8	70	19	""
STYLE	CH8	70	19	""
STYLE	CI8	70	19	""
STYLE	CJ8	70	19	""
STYLE	CK8	70	19	""
STYLE	CL8	70	19	""
STYLE	C10	128	17	"Февраль 23 дня"
STYLE	D10	128	17	""
STYLE	E10	128	17	""
STYLE	F10	128	17	""
STYLE	G10	128	17	""
STYLE	H10	128	17	""
STYLE	I10	128	17	""
STYLE	J10	128	17	""
STYLE	K10	128	17	""
STYLE	L10	128	17	""
STYLE	M10	128	17	""
STYLE	N10	128	17	""
STYLE	O10	128	17	""
STYLE	P10	128	17	""
STYLE	Q10	128	17	""
STYLE	R10	128	17	""
STYLE	S10	128	17	""
STYLE	T10	128	17	""
STYLE	U10	128	17	""
STYLE	V10	128	17	""
STYLE	W10	128	17	""
STYLE	X10	128	17	""
STYLE	Y10	129	17	""
STYLE	Z10	130	17	"Март 25 дней"
STYLE	AA10	128	17	""
STYLE	AB10	128	17	""
STYLE	AC10	128	17	""
STYLE	AD10	128	17	""
STYLE	AE10	128	17	""
STYLE	AF10	128	17	""
STYLE	AG10	128	17	""
STYLE	AH10	128	17	""
STYLE	AI10	128	17	""
STYLE	AJ10	128	17	""
STYLE	AK10	128	17	""
STYLE	AL10	128	17	""
STYLE	AM10	128	17	""
STYLE	AN10	128	17	""
STYLE	AO10	128	17	""
STYLE	AP10	128	17	""
STYLE	AQ10	128	17	""
STYLE	AR10	128	17	""
STYLE	AS10	128	17	""
STYLE	AT10	128	17	""
STYLE	AU10	128	17	""
STYLE	AV10	128	17	""
STYLE	AW10	128	17	""
STYLE	AX10	129	17	""
STYLE	AY10	173	17	"Апрель 26 дней"
STYLE	AZ10	174	17	""
STYLE	BA10	174	17	""
STYLE	BB10	174	17	""
STYLE	BC10	174	17	""
STYLE	BD10	174	17	""
STYLE	BE10	174	17	""
STYLE	BF10	174	17	""
STYLE	BG10	174	17	""
STYLE	BH10	174	17	""
STYLE	BI10	174	17	""
STYLE	BJ10	174	17	""
STYLE	BK10	174	17	""
STYLE	BL10	174	17	""
STYLE	BM10	174	17	""
STYLE	BN10	174	17	""
STYLE	BO10	174	17	""
STYLE	BP10	174	17	""
STYLE	BQ10	174	17	""
STYLE	BR10	174	17	""
STYLE	BS10	174	17	""
STYLE	BT10	174	17	""
STYLE	BU10	174	17	""
STYLE	BV10	174	17	""
STYLE	BW10	174	17	""
STYLE	BX10	175	17	""
STYLE	BY10	173	17	"Май 24 дня"
STYLE	BZ10	174	17	""
STYLE	CA10	174	17	""
STYLE	CB10	174	17	""
STYLE	CC10	174	17	""
STYLE	CD10	174	17	""
STYLE	CE10	174	17	""
STYLE	CF10	174	17	""
STYLE	CG10	174	17	""
STYLE	CH10	174	17	""
STYLE	CI10	174	17	""
STYLE	CJ10	174	17	""
STYLE	CK10	174	17	""
STYLE	CL10	174	17	""
STYLE	CM10	174	17	""
STYLE	CN10	174	17	""
STYLE	CO10	174	17	""
STYLE	CP10	174	17	""
STYLE	CQ10	174	17	""
STYLE	CR10	174	17	""
STYLE	CS10	174	17	""
STYLE	CT10	174	17	""
STYLE	CU10	174	17	""
STYLE	CV10	175	17	""
STYLE	CW10	148	17	"Июнь 6 дней"
STYLE	CX10	149	17	""
STYLE	CY10	149	17	""
STYLE	CZ10	149	17	""
STYLE	DA10	149	17	""
STYLE	DB10	149	17	""
STYLE	C11	59	17	2
STYLE	D11	54	17	3
STYLE	E11	54	17	4
STYLE	F11	54	17	5
STYLE	G11	54	17	6
STYLE	H11	55	16	7
STYLE	I11	54	17	9
STYLE	J11	54	17	10
STYLE	K11	54	17	11
STYLE	L11	54	17	12
STYLE	M11	54	17	13
STYLE	N11	55	16	14
STYLE	O11	54	17	16
STYLE	P11	54	17	17
STYLE	Q11	54	17	18
STYLE	R11	54	17	19
STYLE	S11	54	17	20
STYLE	T11	48	16	21
STYLE	U11	54	17	24
STYLE	V11	54	17	25
STYLE	W11	54	17	26
STYLE	X11	54	17	27
STYLE	Y11	58	16	28
STYLE	Z11	57	17	2
STYLE	AA11	54	17	3
STYLE	AB11	49	17	4
STYLE	AC11	54	17	5
STYLE	AD11	49	17	6
STYLE	AE11	56	18	7
STYLE	AF11	49	17	10
STYLE	AG11	54	17	11
STYLE	AH11	49	17	12
STYLE	AI11	54	17	13
STYLE	AJ11	48	16	14
STYLE	AK11	54	17	16
STYLE	AL11	54	17	17
STYLE	AM11	49	17	18
STYLE	AN11	54	17	19
STYLE	AO11	49	17	20
STYLE	AP11	55	16	21
STYLE	AQ11	49	17	23
STYLE	AR11	49	17	24
STYLE	AS11	54	17	25
STYLE	AT11	49	17	26
STYLE	AU11	54	17	27
STYLE	AV11	48	16	28
STYLE	AW11	54	17	30
STYLE	AX11	53	17	31
STYLE	AY11	50	17	1
STYLE	AZ11	49	17	2
STYLE	BA11	49	17	3
STYLE	BB11	48	16	4
STYLE	BC11	49	17	6
STYLE	BD11	49	17	7
STYLE	BE11	49	17	8
STYLE	BF11	49	17	9
STYLE	BG11	49	17	10
STYLE	BH11	48	16	11
STYLE	BI11	49	17	13
STYLE	BJ11	49	17	14
STYLE	BK11	49	17	15
STYLE	BL11	49	17	16
STYLE	BM11	49	17	17
STYLE	BN11	48	16	18
STYLE	BO11	49	17	20
STYLE	BP11	49	17	21
STYLE	BQ11	49	17	22
STYLE	BR11	49	17	23
STYLE	BS11	49	17	24
STYLE	BT11	48	16	25
STYLE	BU11	49	17	27
STYLE	BV11	49	17	28
STYLE	BW11	49	17	29
STYLE	BX11	53	17	30
STYLE	BY11	52	16	2
STYLE	BZ11	49	17	4
STYLE	CA11	49	17	5
STYLE	CB11	49	17	6
STYLE	CC11	49	17	7
STYLE	CD11	49	17	8
STYLE	CE11	49	17	11
STYLE	CF11	49	17	12
STYLE	CG11	49	17	13
STYLE	CH11	49	17	14
STYLE	CI11	49	17	15
STYLE	CJ11	48	16	16
STYLE	CK11	49	17	18
STYLE	CL11	49	17	19
STYLE	CM11	49	17	20
STYLE	CN11	49	17	21
STYLE	CO11	49	17	22
STYLE	CP11	48	16	23
STYLE	CQ11	49	17	25
STYLE	CR11	49	17	26
STYLE	CS11	49	17	27
STYLE	CT11	49	17	28
STYLE	CU11	49	17	29
STYLE	CV11	51	16	30
STYLE	CW11	50	17	1
STYLE	CX11	49	17	2
STYLE	CY11	49	17	3
STYLE	CZ11	49	17	4
STYLE	DA11	49	17	5
STYLE	DB11	48	16	6
STYLE	C12	47	14	"пн"
STYLE	D12	40	14	"вт"
STYLE	E12	40	14	"ср"
STYLE	F12	40	14	"чт"
STYLE	G12	40	14	"пт"
STYLE	H12	39	13	"сб"
STYLE	I12	40	14	"пн"
STYLE	J12	40	14	"вт"
STYLE	K12	40	14	"ср"
STYLE	L12	40	14	"чт"
STYLE	M12	40	14	"пт"
STYLE	N12	39	13	"сб"
STYLE	O12	40	14	"пн"
STYLE	P12	40	14	"вт"
STYLE	Q12	40	14	"ср"
STYLE	R12	40	14	"чт"
STYLE	S12	40	14	"пт"
STYLE	T12	46	13	"сб"
STYLE	U12	40	14	"вт"
STYLE	V12	40	14	"ср"
STYLE	W12	40	14	"чт"
STYLE	X12	40	14	"пт"
STYLE	Y12	42	13	"сб"
STYLE	Z12	41	14	"пн"
STYLE	AA12	40	14	"вт"
STYLE	AB12	40	14	"ср"
STYLE	AC12	40	14	"чт"
STYLE	AD12	40	14	"пт"
STYLE	AE12	45	15	"сб"
STYLE	AF12	40	14	"вт"
STYLE	AG12	40	14	"ср"
STYLE	AH12	40	14	"чт"
STYLE	AI12	40	14	"пт"
STYLE	AJ12	39	13	"сб"
STYLE	AK12	40	14	"пн"
STYLE	AL12	40	14	"вт"
STYLE	AM12	40	14	"ср"
STYLE	AN12	40	14	"чт"
STYLE	AO12	40	14	"пт"
STYLE	AP12	39	13	"сб"
STYLE	AQ12	40	14	"пн"
STYLE	AR12	40	14	"вт"
STYLE	AS12	40	14	"ср"
STYLE	AT12	40	14	"чт"
STYLE	AU12	40	14	"пт"
STYLE	AV12	39	13	"сб"
STYLE	AW12	40	14	"пн"
STYLE	AX12	44	14	"вт"
STYLE	AY12	41	14	"ср"
STYLE	AZ12	40	14	"чт"
STYLE	BA12	40	14	"пт"
STYLE	BB12	39	13	"сб"
STYLE	BC12	40	14	"пн"
STYLE	BD12	40	14	"вт"
STYLE	BE12	40	14	"ср"
STYLE	BF12	40	14	"чт"
STYLE	BG12	40	14	"пт"
STYLE	BH12	39	13	"сб"
STYLE	BI12	40	14	"пн"
STYLE	BJ12	40	14	"вт"
STYLE	BK12	40	14	"ср"
STYLE	BL12	40	14	"чт"
STYLE	BM12	40	14	"пт"
STYLE	BN12	39	13	"сб"
STYLE	BO12	40	14	"пн"
STYLE	BP12	40	14	"вт"
STYLE	BQ12	40	14	"ср"
STYLE	BR12	40	14	"чт"
STYLE	BS12	40	14	"пт"
STYLE	BT12	39	13	"сб"
STYLE	BU12	40	14	"пн"
STYLE	BV12	40	14	"вт"
STYLE	BW12	40	14	"ср"
STYLE	BX12	44	14	"чт"
STYLE	BY12	43	13	"сб"
STYLE	BZ12	40	14	"пн"
STYLE	CA12	40	14	"вт"
STYLE	CB12	40	14	"ср"
STYLE	CC12	40	14	"чт"
STYLE	CD12	40	14	"пт"
STYLE	CE12	40	14	"пн"
STYLE	CF12	40	14	"вт"
STYLE	CG12	40	14	"ср"
STYLE	CH12	40	14	"чт"
STYLE	CI12	40	14	"пт"
STYLE	CJ12	39	13	"сб"
STYLE	CK12	40	14	"пн"
STYLE	CL12	40	14	"вт"
STYLE	CM12	40	14	"ср"
STYLE	CN12	40	14	"чт"
STYLE	CO12	40	14	"пт"
STYLE	CP12	39	13	"сб"
STYLE	CQ12	40	14	"пн"
STYLE	CR12	40	14	"вт"
STYLE	CS12	40	14	"ср"
STYLE	CT12	40	14	"чт"
STYLE	CU12	40	14	"пт"
STYLE	CV12	42	13	"сб"
STYLE	CW12	41	14	"пн"
STYLE	CX12	40	14	"вт"
STYLE	CY12	40	14	"ср"
STYLE	CZ12	40	14	"чт"
STYLE	DA12	40	14	"пт"
STYLE	DB12	39	13	"сб"
STYLE	C13	113	3	"Факультетская терапия,\r\nпрофессиональные  болезни"
STYLE	D13	111	3	""
STYLE	E13	111	3	""
STYLE	F13	111	3	""
STYLE	G13	111	3	""
STYLE	H13	111	3	""
STYLE	I13	111	3	""
STYLE	J13	111	3	""
STYLE	K13	111	3	""
STYLE	L13	111	3	""
STYLE	M13	111	3	""
STYLE	N13	111	3	""
STYLE	O13	111	3	""
STYLE	P13	111	3	""
STYLE	Q13	111	3	""
STYLE	R13	112	3	""
STYLE	S13	75	7	"Менеджмент в \r\nздравоохранении"
STYLE	T13	76	7	""
STYLE	U13	76	7	""
STYLE	V13	76	7	""
STYLE	W13	76	7	""
STYLE	X13	76	7	""
STYLE	Y13	76	7	""
STYLE	Z13	77	7	""
STYLE	AA13	78	12	"Педиатрия"
STYLE	AB13	79	12	""
STYLE	AC13	79	12	""
STYLE	AD13	79	12	""
STYLE	AE13	79	12	""
STYLE	AF13	79	12	""
STYLE	AG13	79	12	""
STYLE	AH13	80	12	""
STYLE	AI13	81	10	"Урология"
STYLE	AJ13	82	10	""
STYLE	AK13	82	10	""
STYLE	AL13	82	10	""
STYLE	AM13	83	10	""
STYLE	AN13	89	9	"Факультет.\r\nхирургия"
STYLE	AO13	90	9	""
STYLE	AP13	90	9	""
STYLE	AQ13	91	9	""
STYLE	AR13	92	11	"Офтальмология"
STYLE	AS13	93	11	""
STYLE	AT13	93	11	""
STYLE	AU13	93	11	""
STYLE	AV13	94	11	""
STYLE	AW13	106	6	"Оториноларингология"
STYLE	AX13	107	6	""
STYLE	AY13	107	6	""
STYLE	AZ13	107	6	""
STYLE	BA13	107	6	""
STYLE	BB13	107	6	""
STYLE	BC13	107	6	""
STYLE	BD13	107	6	""
STYLE	BE13	107	6	""
STYLE	BF13	107	6	""
STYLE	BG13	107	6	""
STYLE	BH13	107	6	""
STYLE	BI13	108	6	""
STYLE	BJ13	95	8	"Акушерство и гинекология"
STYLE	BK13	96	8	""
STYLE	BL13	96	8	""
STYLE	BM13	96	8	""
STYLE	BN13	96	8	""
STYLE	BO13	96	8	""
STYLE	BP13	96	8	""
STYLE	BQ13	96	8	""
STYLE	BR13	96	8	""
STYLE	BS13	96	8	""
STYLE	BT13	96	8	""
STYLE	BU13	97	8	""
STYLE	BV13	22	7	"М"
STYLE	BZ13	86	4	"Неврология, нейрохирургия "
STYLE	CA13	87	4	""
STYLE	CB13	87	4	""
STYLE	CC13	87	4	""
STYLE	CD13	87	4	""
STYLE	CE13	87	4	""
STYLE	CF13	87	4	""
STYLE	CG13	87	4	""
STYLE	CH13	87	4	""
STYLE	CI13	88	4	""
STYLE	CJ13	98	5	"Психиатрия, МП"
STYLE	CK13	99	5	""
STYLE	CL13	99	5	""
STYLE	CM13	99	5	""
STYLE	CN13	99	5	""
STYLE	CO13	100	5	""
STYLE	CQ13	151	2	"Экзамены"
STYLE	CR13	152	2	""
STYLE	CS13	152	2	""
STYLE	CT13	152	2	""
STYLE	CU13	152	2	""
STYLE	CV13	152	2	""
STYLE	CW13	152	2	""
STYLE	CX13	152	2	""
STYLE	CY13	152	2	""
STYLE	CZ13	152	2	""
STYLE	DA13	152	2	""
STYLE	DB13	153	2	""
STYLE	C14	113	3	"Факультетская терапия,\r\nпрофессиональные  болезни"
STYLE	D14	111	3	""
STYLE	E14	111	3	""
STYLE	F14	111	3	""
STYLE	G14	111	3	""
STYLE	H14	111	3	""
STYLE	I14	111	3	""
STYLE	J14	111	3	""
STYLE	K14	111	3	""
STYLE	L14	111	3	""
STYLE	M14	111	3	""
STYLE	N14	111	3	""
STYLE	O14	111	3	""
STYLE	P14	111	3	""
STYLE	Q14	111	3	""
STYLE	R14	112	3	""
STYLE	S14	75	7	"Менеджмент в \r\nздравоохранении"
STYLE	T14	76	7	""
STYLE	U14	76	7	""
STYLE	V14	76	7	""
STYLE	W14	76	7	""
STYLE	X14	76	7	""
STYLE	Y14	76	7	""
STYLE	Z14	77	7	""
STYLE	AA14	78	12	"Педиатрия"
STYLE	AB14	79	12	""
STYLE	AC14	79	12	""
STYLE	AD14	79	12	""
STYLE	AE14	79	12	""
STYLE	AF14	79	12	""
STYLE	AG14	79	12	""
STYLE	AH14	80	12	""
STYLE	AI14	81	10	"Урология"
STYLE	AJ14	82	10	""
STYLE	AK14	82	10	""
STYLE	AL14	82	10	""
STYLE	AM14	83	10	""
STYLE	AN14	89	9	"Факультет.\r\nхирургия"
STYLE	AO14	90	9	""
STYLE	AP14	90	9	""
STYLE	AQ14	91	9	""
STYLE	AR14	92	11	"Офтальмология"
STYLE	AS14	93	11	""
STYLE	AT14	93	11	""
STYLE	AU14	93	11	""
STYLE	AV14	94	11	""
STYLE	AW14	106	6	"Оториноларингология"
STYLE	AX14	107	6	""
STYLE	AY14	107	6	""
STYLE	AZ14	107	6	""
STYLE	BA14	107	6	""
STYLE	BB14	107	6	""
STYLE	BC14	107	6	""
STYLE	BD14	107	6	""
STYLE	BE14	107	6	""
STYLE	BF14	107	6	""
STYLE	BG14	107	6	""
STYLE	BH14	107	6	""
STYLE	BI14	108	6	""
STYLE	BJ14	95	8	"Акушерство и гинекология"
STYLE	BK14	96	8	""
STYLE	BL14	96	8	""
STYLE	BM14	96	8	""
STYLE	BN14	96	8	""
STYLE	BO14	96	8	""
STYLE	BP14	96	8	""
STYLE	BQ14	96	8	""
STYLE	BR14	96	8	""
STYLE	BS14	96	8	""
STYLE	BT14	96	8	""
STYLE	BU14	97	8	""
STYLE	BV14	22	7	"М"
STYLE	BZ14	86	4	"Неврология, нейрохирургия "
STYLE	CA14	87	4	""
STYLE	CB14	87	4	""
STYLE	CC14	87	4	""
STYLE	CD14	87	4	""
STYLE	CE14	87	4	""
STYLE	CF14	87	4	""
STYLE	CG14	87	4	""
STYLE	CH14	87	4	""
STYLE	CI14	88	4	""
STYLE	CJ14	98	5	"Психиатрия, МП"
STYLE	CK14	99	5	""
STYLE	CL14	99	5	""
STYLE	CM14	99	5	""
STYLE	CN14	99	5	""
STYLE	CO14	100	5	""
STYLE	CQ14	154	2	""
STYLE	CR14	155	2	""
STYLE	CS14	155	2	""
STYLE	CT14	155	2	""
STYLE	CU14	155	2	""
STYLE	CV14	155	2	""
STYLE	CW14	155	2	""
STYLE	CX14	155	2	""
STYLE	CY14	155	2	""
STYLE	CZ14	155	2	""
STYLE	DA14	155	2	""
STYLE	DB14	156	2	""
STYLE	C15	113	3	"Факультетская терапия,\r\nпрофессиональные  болезни"
STYLE	D15	111	3	""
STYLE	E15	111	3	""
STYLE	F15	111	3	""
STYLE	G15	111	3	""
STYLE	H15	111	3	""
STYLE	I15	111	3	""
STYLE	J15	111	3	""
STYLE	K15	111	3	""
STYLE	L15	111	3	""
STYLE	M15	111	3	""
STYLE	N15	111	3	""
STYLE	O15	111	3	""
STYLE	P15	111	3	""
STYLE	Q15	111	3	""
STYLE	R15	112	3	""
STYLE	S15	78	12	"Педиатрия"
STYLE	T15	79	12	""
STYLE	U15	79	12	""
STYLE	V15	79	12	""
STYLE	W15	79	12	""
STYLE	X15	79	12	""
STYLE	Y15	79	12	""
STYLE	Z15	80	12	""
STYLE	AA15	75	7	"Менеджмент в \r\nздравоохранении"
STYLE	AB15	76	7	""
STYLE	AC15	76	7	""
STYLE	AD15	76	7	""
STYLE	AE15	76	7	""
STYLE	AF15	76	7	""
STYLE	AG15	76	7	""
STYLE	AH15	77	7	""
STYLE	AI15	92	11	"Офтальмология"
STYLE	AJ15	93	11	""
STYLE	AK15	93	11	""
STYLE	AL15	93	11	""
STYLE	AM15	94	11	""
STYLE	AN15	81	10	"Урология"
STYLE	AO15	82	10	""
STYLE	AP15	82	10	""
STYLE	AQ15	82	10	""
STYLE	AR15	83	10	""
STYLE	AS15	89	9	"Факультет.\r\nхирургия"
STYLE	AT15	90	9	""
STYLE	AU15	90	9	""
STYLE	AV15	91	9	""
STYLE	AW15	95	8	"Акушерство и гинекология"
STYLE	AX15	96	8	""
STYLE	AY15	96	8	""
STYLE	AZ15	96	8	""
STYLE	BA15	96	8	""
STYLE	BB15	96	8	""
STYLE	BC15	96	8	""
STYLE	BD15	96	8	""
STYLE	BE15	96	8	""
STYLE	BF15	96	8	""
STYLE	BG15	96	8	""
STYLE	BH15	97	8	""
STYLE	BI15	22	7	"М"
STYLE	BJ15	106	6	"Оториноларингология"
STYLE	BK15	107	6	""
STYLE	BL15	107	6	""
STYLE	BM15	107	6	""
STYLE	BN15	107	6	""
STYLE	BO15	107	6	""
STYLE	BP15	107	6	""
STYLE	BQ15	107	6	""
STYLE	BR15	107	6	""
STYLE	BS15	107	6	""
STYLE	BT15	107	6	""
STYLE	BU15	107	6	""
STYLE	BV15	108	6	""
STYLE	BZ15	98	5	"Психиатрия, МП"
STYLE	CA15	99	5	""
STYLE	CB15	99	5	""
STYLE	CC15	99	5	""
STYLE	CD15	99	5	""
STYLE	CE15	100	5	""
STYLE	CF15	86	4	"Неврология, нейрохирургия "
STYLE	CG15	87	4	""
STYLE	CH15	87	4	""
STYLE	CI15	87	4	""
STYLE	CJ15	87	4	""
STYLE	CK15	87	4	""
STYLE	CL15	87	4	""
STYLE	CM15	87	4	""
STYLE	CN15	87	4	""
STYLE	CO15	88	4	""
STYLE	CQ15	154	2	""
STYLE	CR15	155	2	""
STYLE	CS15	155	2	""
STYLE	CT15	155	2	""
STYLE	CU15	155	2	""
STYLE	CV15	155	2	""
STYLE	CW15	155	2	""
STYLE	CX15	155	2	""
STYLE	CY15	155	2	""
STYLE	CZ15	155	2	""
STYLE	DA15	155	2	""
STYLE	DB15	156	2	""
STYLE	C16	113	3	"Факультетская терапия,\r\nпрофессиональные  болезни"
STYLE	D16	111	3	""
STYLE	E16	111	3	""
STYLE	F16	111	3	""
STYLE	G16	111	3	""
STYLE	H16	111	3	""
STYLE	I16	111	3	""
STYLE	J16	111	3	""
STYLE	K16	111	3	""
STYLE	L16	111	3	""
STYLE	M16	111	3	""
STYLE	N16	111	3	""
STYLE	O16	111	3	""
STYLE	P16	111	3	""
STYLE	Q16	111	3	""
STYLE	R16	112	3	""
STYLE	S16	78	12	"Педиатрия"
STYLE	T16	79	12	""
STYLE	U16	79	12	""
STYLE	V16	79	12	""
STYLE	W16	79	12	""
STYLE	X16	79	12	""
STYLE	Y16	79	12	""
STYLE	Z16	80	12	""
STYLE	AA16	75	7	"Менеджмент в *\r\nздравоохранении"
STYLE	AB16	76	7	""
STYLE	AC16	76	7	""
STYLE	AD16	76	7	""
STYLE	AE16	76	7	""
STYLE	AF16	76	7	""
STYLE	AG16	76	7	""
STYLE	AH16	77	7	""
STYLE	AI16	92	11	"Офтальмология"
STYLE	AJ16	93	11	""
STYLE	AK16	93	11	""
STYLE	AL16	93	11	""
STYLE	AM16	94	11	""
STYLE	AN16	81	10	"Урология"
STYLE	AO16	82	10	""
STYLE	AP16	82	10	""
STYLE	AQ16	82	10	""
STYLE	AR16	83	10	""
STYLE	AS16	89	9	"Факультет.\r\nхирургия"
STYLE	AT16	90	9	""
STYLE	AU16	90	9	""
STYLE	AV16	91	9	""
STYLE	AW16	95	8	"Акушерство и гинекология"
STYLE	AX16	96	8	""
STYLE	AY16	96	8	""
STYLE	AZ16	96	8	""
STYLE	BA16	96	8	""
STYLE	BB16	96	8	""
STYLE	BC16	96	8	""
STYLE	BD16	96	8	""
STYLE	BE16	96	8	""
STYLE	BF16	96	8	""
STYLE	BG16	96	8	""
STYLE	BH16	97	8	""
STYLE	BI16	22	7	"М"
STYLE	BJ16	106	6	"Оториноларингология"
STYLE	BK16	107	6	""
STYLE	BL16	107	6	""
STYLE	BM16	168	6	""
STYLE	BN16	168	6	""
STYLE	BO16	168	6	""
STYLE	BP16	168	6	""
STYLE	BQ16	168	6	""
STYLE	BR16	168	6	""
STYLE	BS16	168	6	""
STYLE	BT16	168	6	""
STYLE	BU16	168	6	""
STYLE	BV16	169	6	""
STYLE	BZ16	179	5	"Психиатрия, МП"
STYLE	CA16	99	5	""
STYLE	CB16	99	5	""
STYLE	CC16	99	5	""
STYLE	CD16	99	5	""
STYLE	CE16	100	5	""
STYLE	CF16	86	4	"Неврология, нейрохирургия *"
STYLE	CG16	87	4	""
STYLE	CH16	87	4	""
STYLE	CI16	87	4	""
STYLE	CJ16	87	4	""
STYLE	CK16	87	4	""
STYLE	CL16	87	4	""
STYLE	CM16	87	4	""
STYLE	CN16	87	4	""
STYLE	CO16	88	4	""
STYLE	CQ16	154	2	""
STYLE	CR16	155	2	""
STYLE	CS16	155	2	""
STYLE	CT16	155	2	""
STYLE	CU16	155	2	""
STYLE	CV16	155	2	""
STYLE	CW16	155	2	""
STYLE	CX16	155	2	""
STYLE	CY16	155	2	""
STYLE	CZ16	155	2	""
STYLE	DA16	155	2	""
STYLE	DB16	156	2	""
STYLE	C17	86	4	"Неврология, нейрохирургия "
STYLE	D17	87	4	""
STYLE	E17	87	4	""
STYLE	F17	87	4	""
STYLE	G17	87	4	""
STYLE	H17	87	4	""
STYLE	I17	87	4	""
STYLE	J17	87	4	""
STYLE	K17	87	4	""
STYLE	L17	88	4	""
STYLE	M17	98	5	"Психиатрия, МП"
STYLE	N17	99	5	""
STYLE	O17	99	5	""
STYLE	P17	99	5	""
STYLE	Q17	99	5	""
STYLE	R17	100	5	""
STYLE	S17	113	3	"Факультетская терапия,\r\nпрофессиональные  болезни"
STYLE	T17	111	3	""
STYLE	U17	111	3	""
STYLE	V17	111	3	""
STYLE	W17	111	3	""
STYLE	X17	111	3	""
STYLE	Y17	111	3	""
STYLE	Z17	111	3	""
STYLE	AA17	111	3	""
STYLE	AB17	111	3	""
STYLE	AC17	111	3	""
STYLE	AD17	111	3	""
STYLE	AE17	111	3	""
STYLE	AF17	111	3	""
STYLE	AG17	111	3	""
STYLE	AH17	112	3	""
STYLE	AI17	75	7	"Менеджмент в \r\nздравоохранении"
STYLE	AJ17	76	7	""
STYLE	AK17	76	7	""
STYLE	AL17	76	7	""
STYLE	AM17	76	7	""
STYLE	AN17	76	7	""
STYLE	AO17	76	7	""
STYLE	AP17	77	7	""
STYLE	AQ17	78	12	"Педиатрия"
STYLE	AR17	79	12	""
STYLE	AS17	79	12	""
STYLE	AT17	79	12	""
STYLE	AU17	79	12	""
STYLE	AV17	79	12	""
STYLE	AW17	79	12	""
STYLE	AX17	80	12	""
STYLE	AY17	81	10	"Урология"
STYLE	AZ17	82	10	""
STYLE	BA17	82	10	""
STYLE	BB17	82	10	""
STYLE	BC17	83	10	""
STYLE	BD17	89	9	"Факультет.\r\nхирургия"
STYLE	BE17	90	9	""
STYLE	BF17	90	9	""
STYLE	BG17	91	9	""
STYLE	BH17	92	11	"Офтальмология"
STYLE	BI17	93	11	""
STYLE	BJ17	93	11	""
STYLE	BK17	93	11	""
STYLE	BL17	93	11	""
STYLE	BM17	106	6	"Оториноларингология"
STYLE	BN17	107	6	""
STYLE	BO17	107	6	""
STYLE	BP17	107	6	""
STYLE	BQ17	107	6	""
STYLE	BR17	107	6	""
STYLE	BS17	107	6	""
STYLE	BT17	107	6	""
STYLE	BU17	107	6	""
STYLE	BV17	107	6	""
STYLE	BW17	107	6	""
STYLE	BX17	107	6	""
STYLE	BZ17	35	6	""
STYLE	CA17	96	8	"Акушерство и гинекология"
STYLE	CB17	96	8	""
STYLE	CC17	96	8	""
STYLE	CD17	96	8	""
STYLE	CE17	96	8	""
STYLE	CF17	96	8	""
STYLE	CG17	96	8	""
STYLE	CH17	96	8	""
STYLE	CI17	96	8	""
STYLE	CJ17	96	8	""
STYLE	CK17	96	8	""
STYLE	CL17	97	8	""
STYLE	CM17	22	7	"М"
STYLE	CQ17	154	2	""
STYLE	CR17	155	2	""
STYLE	CS17	155	2	""
STYLE	CT17	155	2	""
STYLE	CU17	155	2	""
STYLE	CV17	155	2	""
STYLE	CW17	155	2	""
STYLE	CX17	155	2	""
STYLE	CY17	155	2	""
STYLE	CZ17	155	2	""
STYLE	DA17	155	2	""
STYLE	DB17	156	2	""
STYLE	C18	86	4	"Неврология, нейрохирургия *"
STYLE	D18	87	4	""
STYLE	E18	87	4	""
STYLE	F18	87	4	""
STYLE	G18	87	4	""
STYLE	H18	87	4	""
STYLE	I18	87	4	""
STYLE	J18	87	4	""
STYLE	K18	87	4	""
STYLE	L18	88	4	""
STYLE	M18	98	5	"Психиатрия, МП"
STYLE	N18	99	5	""
STYLE	O18	99	5	""
STYLE	P18	99	5	""
STYLE	Q18	99	5	""
STYLE	R18	100	5	""
STYLE	S18	113	3	"Факультетская терапия,\r\nпрофессиональные  болезни"
STYLE	T18	111	3	""
STYLE	U18	111	3	""
STYLE	V18	111	3	""
STYLE	W18	111	3	""
STYLE	X18	111	3	""
STYLE	Y18	111	3	""
STYLE	Z18	111	3	""
STYLE	AA18	111	3	""
STYLE	AB18	111	3	""
STYLE	AC18	111	3	""
STYLE	AD18	111	3	""
STYLE	AE18	111	3	""
STYLE	AF18	111	3	""
STYLE	AG18	111	3	""
STYLE	AH18	112	3	""
STYLE	AI18	75	7	"Менеджмент в \r\nздравоохранении"
STYLE	AJ18	76	7	""
STYLE	AK18	76	7	""
STYLE	AL18	76	7	""
STYLE	AM18	76	7	""
STYLE	AN18	76	7	""
STYLE	AO18	76	7	""
STYLE	AP18	77	7	""
STYLE	AQ18	78	12	"Педиатрия"
STYLE	AR18	79	12	""
STYLE	AS18	79	12	""
STYLE	AT18	79	12	""
STYLE	AU18	79	12	""
STYLE	AV18	79	12	""
STYLE	AW18	79	12	""
STYLE	AX18	80	12	""
STYLE	AY18	81	10	"Урология"
STYLE	AZ18	82	10	""
STYLE	BA18	82	10	""
STYLE	BB18	82	10	""
STYLE	BC18	83	10	""
STYLE	BD18	89	9	"Факультет.\r\nхирургия"
STYLE	BE18	90	9	""
STYLE	BF18	90	9	""
STYLE	BG18	91	9	""
STYLE	BH18	92	11	"Офтальмология"
STYLE	BI18	93	11	""
STYLE	BJ18	93	11	""
STYLE	BK18	93	11	""
STYLE	BL18	93	11	""
STYLE	BM18	106	6	"Оториноларингология"
STYLE	BN18	107	6	""
STYLE	BO18	107	6	""
STYLE	BP18	107	6	""
STYLE	BQ18	107	6	""
STYLE	BR18	107	6	""
STYLE	BS18	107	6	""
STYLE	BT18	107	6	""
STYLE	BU18	107	6	""
STYLE	BV18	107	6	""
STYLE	BW18	107	6	""
STYLE	BX18	107	6	""
STYLE	BZ18	35	6	""
STYLE	CA18	96	8	"Акушерство и гинекология"
STYLE	CB18	96	8	""
STYLE	CC18	96	8	""
STYLE	CD18	96	8	""
STYLE	CE18	96	8	""
STYLE	CF18	96	8	""
STYLE	CG18	96	8	""
STYLE	CH18	96	8	""
STYLE	CI18	96	8	""
STYLE	CJ18	96	8	""
STYLE	CK18	96	8	""
STYLE	CL18	97	8	""
STYLE	CM18	22	7	"М"
STYLE	CQ18	154	2	""
STYLE	CR18	155	2	""
STYLE	CS18	155	2	""
STYLE	CT18	155	2	""
STYLE	CU18	155	2	""
STYLE	CV18	155	2	""
STYLE	CW18	155	2	""
STYLE	CX18	155	2	""
STYLE	CY18	155	2	""
STYLE	CZ18	155	2	""
STYLE	DA18	155	2	""
STYLE	DB18	156	2	""
STYLE	C19	98	5	"Психиатрия, МП"
STYLE	D19	99	5	""
STYLE	E19	99	5	""
STYLE	F19	99	5	""
STYLE	G19	99	5	""
STYLE	H19	100	5	""
STYLE	I19	86	4	"Неврология, нейрохирургия "
STYLE	J19	87	4	""
STYLE	K19	87	4	""
STYLE	L19	87	4	""
STYLE	M19	87	4	""
STYLE	N19	87	4	""
STYLE	O19	87	4	""
STYLE	P19	87	4	""
STYLE	Q19	87	4	""
STYLE	R19	88	4	""
STYLE	S19	113	3	"Факультетская терапия,\r\nпрофессиональные  болезни"
STYLE	T19	111	3	""
STYLE	U19	111	3	""
STYLE	V19	111	3	""
STYLE	W19	111	3	""
STYLE	X19	111	3	""
STYLE	Y19	111	3	""
STYLE	Z19	111	3	""
STYLE	AA19	111	3	""
STYLE	AB19	111	3	""
STYLE	AC19	111	3	""
STYLE	AD19	111	3	""
STYLE	AE19	111	3	""
STYLE	AF19	111	3	""
STYLE	AG19	111	3	""
STYLE	AH19	112	3	""
STYLE	AI19	78	12	"Педиатрия"
STYLE	AJ19	79	12	""
STYLE	AK19	79	12	""
STYLE	AL19	79	12	""
STYLE	AM19	79	12	""
STYLE	AN19	79	12	""
STYLE	AO19	79	12	""
STYLE	AP19	80	12	""
STYLE	AQ19	75	7	"Менеджмент в \r\nздравоохранении"
STYLE	AR19	76	7	""
STYLE	AS19	76	7	""
STYLE	AT19	76	7	""
STYLE	AU19	76	7	""
STYLE	AV19	76	7	""
STYLE	AW19	76	7	""
STYLE	AX19	77	7	""
STYLE	AY19	92	11	"Офтальмология"
STYLE	AZ19	93	11	""
STYLE	BA19	93	11	""
STYLE	BB19	93	11	""
STYLE	BC19	94	11	""
STYLE	BD19	81	10	"Урология"
STYLE	BE19	82	10	""
STYLE	BF19	82	10	""
STYLE	BG19	82	10	""
STYLE	BH19	83	10	""
STYLE	BI19	89	9	"Факультет.\r\nхирургия"
STYLE	BJ19	90	9	""
STYLE	BK19	90	9	""
STYLE	BL19	91	9	""
STYLE	BM19	170	8	"Акушерство и гинекология"
STYLE	BN19	171	8	""
STYLE	BO19	171	8	""
STYLE	BP19	171	8	""
STYLE	BQ19	171	8	""
STYLE	BR19	171	8	""
STYLE	BS19	171	8	""
STYLE	BT19	171	8	""
STYLE	BU19	171	8	""
STYLE	BV19	171	8	""
STYLE	BW19	171	8	""
STYLE	BX19	172	8	""
STYLE	BZ19	33	7	"М"
STYLE	CA19	106	6	"Оториноларингология"
STYLE	CB19	107	6	""
STYLE	CC19	107	6	""
STYLE	CD19	107	6	""
STYLE	CE19	107	6	""
STYLE	CF19	107	6	""
STYLE	CG19	107	6	""
STYLE	CH19	107	6	""
STYLE	CI19	107	6	""
STYLE	CJ19	107	6	""
STYLE	CK19	107	6	""
STYLE	CL19	107	6	""
STYLE	CM19	108	6	""
STYLE	CQ19	154	2	""
STYLE	CR19	155	2	""
STYLE	CS19	155	2	""
STYLE	CT19	155	2	""
STYLE	CU19	155	2	""
STYLE	CV19	155	2	""
STYLE	CW19	155	2	""
STYLE	CX19	155	2	""
STYLE	CY19	155	2	""
STYLE	CZ19	155	2	""
STYLE	DA19	155	2	""
STYLE	DB19	156	2	""
STYLE	C20	98	5	"Психиатрия, МП"
STYLE	D20	99	5	""
STYLE	E20	99	5	""
STYLE	F20	99	5	""
STYLE	G20	99	5	""
STYLE	H20	100	5	""
STYLE	I20	86	4	"Неврология, нейрохирургия "
STYLE	J20	87	4	""
STYLE	K20	87	4	""
STYLE	L20	87	4	""
STYLE	M20	87	4	""
STYLE	N20	87	4	""
STYLE	O20	87	4	""
STYLE	P20	87	4	""
STYLE	Q20	87	4	""
STYLE	R20	88	4	""
STYLE	S20	113	3	"Факультетская терапия,\r\nпрофессиональные  болезни"
STYLE	T20	111	3	""
STYLE	U20	111	3	""
STYLE	V20	111	3	""
STYLE	W20	111	3	""
STYLE	X20	111	3	""
STYLE	Y20	111	3	""
STYLE	Z20	111	3	""
STYLE	AA20	111	3	""
STYLE	AB20	111	3	""
STYLE	AC20	111	3	""
STYLE	AD20	111	3	""
STYLE	AE20	111	3	""
STYLE	AF20	111	3	""
STYLE	AG20	111	3	""
STYLE	AH20	112	3	""
STYLE	AI20	78	12	"Педиатрия"
STYLE	AJ20	79	12	""
STYLE	AK20	79	12	""
STYLE	AL20	79	12	""
STYLE	AM20	79	12	""
STYLE	AN20	79	12	""
STYLE	AO20	79	12	""
STYLE	AP20	80	12	""
STYLE	AQ20	75	7	"Менеджмент в *\r\nздравоохранении"
STYLE	AR20	76	7	""
STYLE	AS20	76	7	""
STYLE	AT20	76	7	""
STYLE	AU20	76	7	""
STYLE	AV20	76	7	""
STYLE	AW20	76	7	""
STYLE	AX20	77	7	""
STYLE	AY20	92	11	"Офтальмология"
STYLE	AZ20	93	11	""
STYLE	BA20	93	11	""
STYLE	BB20	93	11	""
STYLE	BC20	94	11	""
STYLE	BD20	81	10	"Урология"
STYLE	BE20	82	10	""
STYLE	BF20	82	10	""
STYLE	BG20	82	10	""
STYLE	BH20	83	10	""
STYLE	BI20	89	9	"Факультет.\r\nхирургия"
STYLE	BJ20	90	9	""
STYLE	BK20	90	9	""
STYLE	BL20	91	9	""
STYLE	BM20	95	8	"Акушерство и гинекология"
STYLE	BN20	96	8	""
STYLE	BO20	96	8	""
STYLE	BP20	96	8	""
STYLE	BQ20	96	8	""
STYLE	BR20	96	8	""
STYLE	BS20	96	8	""
STYLE	BT20	96	8	""
STYLE	BU20	96	8	""
STYLE	BV20	96	8	""
STYLE	BW20	96	8	""
STYLE	BX20	97	8	""
STYLE	BZ20	22	7	"М"
STYLE	CA20	106	6	"Оториноларингология"
STYLE	CB20	107	6	""
STYLE	CC20	107	6	""
STYLE	CD20	107	6	""
STYLE	CE20	107	6	""
STYLE	CF20	107	6	""
STYLE	CG20	107	6	""
STYLE	CH20	107	6	""
STYLE	CI20	107	6	""
STYLE	CJ20	107	6	""
STYLE	CK20	107	6	""
STYLE	CL20	107	6	""
STYLE	CM20	108	6	""
STYLE	CQ20	154	2	""
STYLE	CR20	155	2	""
STYLE	CS20	155	2	""
STYLE	CT20	155	2	""
STYLE	CU20	155	2	""
STYLE	CV20	155	2	""
STYLE	CW20	155	2	""
STYLE	CX20	155	2	""
STYLE	CY20	155	2	""
STYLE	CZ20	155	2	""
STYLE	DA20	155	2	""
STYLE	DB20	156	2	""
STYLE	C21	106	6	"Оториноларингология"
STYLE	D21	107	6	""
STYLE	E21	107	6	""
STYLE	F21	107	6	""
STYLE	G21	107	6	""
STYLE	H21	107	6	""
STYLE	I21	107	6	""
STYLE	J21	107	6	""
STYLE	K21	107	6	""
STYLE	L21	107	6	""
STYLE	M21	107	6	""
STYLE	N21	107	6	""
STYLE	O21	108	6	""
STYLE	P21	95	8	"Акушерство и гинекология"
STYLE	Q21	96	8	""
STYLE	R21	96	8	""
STYLE	S21	96	8	""
STYLE	T21	96	8	""
STYLE	U21	96	8	""
STYLE	V21	96	8	""
STYLE	W21	96	8	""
STYLE	X21	96	8	""
STYLE	Y21	96	8	""
STYLE	Z21	96	8	""
STYLE	AA21	97	8	""
STYLE	AB21	86	4	"Неврология, нейрохирургия "
STYLE	AC21	87	4	""
STYLE	AD21	87	4	""
STYLE	AE21	87	4	""
STYLE	AF21	87	4	""
STYLE	AG21	87	4	""
STYLE	AH21	87	4	""
STYLE	AI21	87	4	""
STYLE	AJ21	87	4	""
STYLE	AK21	88	4	""
STYLE	AL21	98	5	"Психиатрия, МП"
STYLE	AM21	99	5	""
STYLE	AN21	99	5	""
STYLE	AO21	99	5	""
STYLE	AP21	99	5	""
STYLE	AQ21	100	5	""
STYLE	AR21	113	3	"Факультетская терапия,\r\nпрофессиональные  болезни"
STYLE	AS21	111	3	""
STYLE	AT21	111	3	""
STYLE	AU21	111	3	""
STYLE	AV21	111	3	""
STYLE	AW21	111	3	""
STYLE	AX21	111	3	""
STYLE	AY21	111	3	""
STYLE	AZ21	111	3	""
STYLE	BA21	111	3	""
STYLE	BB21	111	3	""
STYLE	BC21	111	3	""
STYLE	BD21	111	3	""
STYLE	BE21	111	3	""
STYLE	BF21	111	3	""
STYLE	BG21	112	3	""
STYLE	BH21	75	7	"Менеджмент в \r\nздравоохранении"
STYLE	BI21	76	7	""
STYLE	BJ21	76	7	""
STYLE	BK21	76	7	""
STYLE	BL21	76	7	""
STYLE	BM21	76	7	""
STYLE	BN21	76	7	""
STYLE	BO21	77	7	""
STYLE	BP21	78	12	"Педиатрия"
STYLE	BQ21	79	12	""
STYLE	BR21	79	12	""
STYLE	BS21	79	12	""
STYLE	BT21	79	12	""
STYLE	BU21	79	12	""
STYLE	BV21	79	12	""
STYLE	BW21	80	12	""
STYLE	BX21	22	7	"М"
STYLE	BZ21	81	10	"Урология"
STYLE	CA21	82	10	""
STYLE	CB21	82	10	""
STYLE	CC21	82	10	""
STYLE	CD21	83	10	""
STYLE	CE21	89	9	"Факультет.\r\nхирургия"
STYLE	CF21	90	9	""
STYLE	CG21	90	9	""
STYLE	CH21	91	9	""
STYLE	CI21	92	11	"Офтальмология"
STYLE	CJ21	93	11	""
STYLE	CK21	93	11	""
STYLE	CL21	93	11	""
STYLE	CM21	94	11	""
STYLE	CQ21	154	2	""
STYLE	CR21	155	2	""
STYLE	CS21	155	2	""
STYLE	CT21	155	2	""
STYLE	CU21	155	2	""
STYLE	CV21	155	2	""
STYLE	CW21	155	2	""
STYLE	CX21	155	2	""
STYLE	CY21	155	2	""
STYLE	CZ21	155	2	""
STYLE	DA21	155	2	""
STYLE	DB21	156	2	""
STYLE	C22	106	6	"Оториноларингология"
STYLE	D22	107	6	""
STYLE	E22	107	6	""
STYLE	F22	107	6	""
STYLE	G22	107	6	""
STYLE	H22	107	6	""
STYLE	I22	107	6	""
STYLE	J22	107	6	""
STYLE	K22	107	6	""
STYLE	L22	107	6	""
STYLE	M22	107	6	""
STYLE	N22	107	6	""
STYLE	O22	108	6	""
STYLE	P22	95	8	"Акушерство и гинекология"
STYLE	Q22	96	8	""
STYLE	R22	96	8	""
STYLE	S22	96	8	""
STYLE	T22	96	8	""
STYLE	U22	96	8	""
STYLE	V22	96	8	""
STYLE	W22	96	8	""
STYLE	X22	96	8	""
STYLE	Y22	96	8	""
STYLE	Z22	96	8	""
STYLE	AA22	97	8	""
STYLE	AB22	86	4	"Неврология, нейрохирургия *"
STYLE	AC22	87	4	""
STYLE	AD22	87	4	""
STYLE	AE22	87	4	""
STYLE	AF22	87	4	""
STYLE	AG22	87	4	""
STYLE	AH22	87	4	""
STYLE	AI22	87	4	""
STYLE	AJ22	87	4	""
STYLE	AK22	88	4	""
STYLE	AL22	98	5	"Психиатрия, МП"
STYLE	AM22	99	5	""
STYLE	AN22	99	5	""
STYLE	AO22	99	5	""
STYLE	AP22	99	5	""
STYLE	AQ22	100	5	""
STYLE	AR22	113	3	"Факультетская терапия,\r\nпрофессиональные  болезни"
STYLE	AS22	111	3	""
STYLE	AT22	111	3	""
STYLE	AU22	111	3	""
STYLE	AV22	111	3	""
STYLE	AW22	111	3	""
STYLE	AX22	111	3	""
STYLE	AY22	111	3	""
STYLE	AZ22	111	3	""
STYLE	BA22	111	3	""
STYLE	BB22	111	3	""
STYLE	BC22	111	3	""
STYLE	BD22	111	3	""
STYLE	BE22	111	3	""
STYLE	BF22	111	3	""
STYLE	BG22	112	3	""
STYLE	BH22	75	7	"Менеджмент в \r\nздравоохранении"
STYLE	BI22	76	7	""
STYLE	BJ22	76	7	""
STYLE	BK22	76	7	""
STYLE	BL22	76	7	""
STYLE	BM22	76	7	""
STYLE	BN22	76	7	""
STYLE	BO22	77	7	""
STYLE	BP22	78	12	"Педиатрия"
STYLE	BQ22	79	12	""
STYLE	BR22	79	12	""
STYLE	BS22	79	12	""
STYLE	BT22	79	12	""
STYLE	BU22	79	12	""
STYLE	BV22	79	12	""
STYLE	BW22	80	12	""
STYLE	BX22	22	7	"М"
STYLE	BZ22	81	10	"Урология"
STYLE	CA22	82	10	""
STYLE	CB22	82	10	""
STYLE	CC22	82	10	""
STYLE	CD22	83	10	""
STYLE	CE22	89	9	"Факультет.\r\nхирургия"
STYLE	CF22	90	9	""
STYLE	CG22	90	9	""
STYLE	CH22	91	9	""
STYLE	CI22	92	11	"Офтальмология"
STYLE	CJ22	93	11	""
STYLE	CK22	93	11	""
STYLE	CL22	93	11	""
STYLE	CM22	94	11	""
STYLE	CQ22	154	2	""
STYLE	CR22	155	2	""
STYLE	CS22	155	2	""
STYLE	CT22	155	2	""
STYLE	CU22	155	2	""
STYLE	CV22	155	2	""
STYLE	CW22	155	2	""
STYLE	CX22	155	2	""
STYLE	CY22	155	2	""
STYLE	CZ22	155	2	""
STYLE	DA22	155	2	""
STYLE	DB22	156	2	""
STYLE	C23	95	8	"Акушерство и гинекология"
STYLE	D23	96	8	""
STYLE	E23	96	8	""
STYLE	F23	96	8	""
STYLE	G23	96	8	""
STYLE	H23	96	8	""
STYLE	I23	96	8	""
STYLE	J23	96	8	""
STYLE	K23	96	8	""
STYLE	L23	96	8	""
STYLE	M23	96	8	""
STYLE	N23	97	8	""
STYLE	O23	106	6	"Оториноларингология"
STYLE	P23	107	6	""
STYLE	Q23	107	6	""
STYLE	R23	107	6	""
STYLE	S23	107	6	""
STYLE	T23	107	6	""
STYLE	U23	107	6	""
STYLE	V23	107	6	""
STYLE	W23	107	6	""
STYLE	X23	107	6	""
STYLE	Y23	107	6	""
STYLE	Z23	107	6	""
STYLE	AA23	108	6	""
STYLE	AB23	98	5	"Психиатрия, МП"
STYLE	AC23	99	5	""
STYLE	AD23	99	5	""
STYLE	AE23	99	5	""
STYLE	AF23	99	5	""
STYLE	AG23	100	5	""
STYLE	AH23	86	4	"Неврология, нейрохирургия "
STYLE	AI23	87	4	""
STYLE	AJ23	87	4	""
STYLE	AK23	87	4	""
STYLE	AL23	87	4	""
STYLE	AM23	87	4	""
STYLE	AN23	87	4	""
STYLE	AO23	87	4	""
STYLE	AP23	87	4	""
STYLE	AQ23	88	4	""
STYLE	AR23	113	3	"Факультетская терапия,\r\nпрофессиональные  болезни"
STYLE	AS23	111	3	""
STYLE	AT23	111	3	""
STYLE	AU23	111	3	""
STYLE	AV23	111	3	""
STYLE	AW23	111	3	""
STYLE	AX23	111	3	""
STYLE	AY23	111	3	""
STYLE	AZ23	111	3	""
STYLE	BA23	111	3	""
STYLE	BB23	111	3	""
STYLE	BC23	111	3	""
STYLE	BD23	111	3	""
STYLE	BE23	111	3	""
STYLE	BF23	111	3	""
STYLE	BG23	112	3	""
STYLE	BH23	78	12	"Педиатрия"
STYLE	BI23	79	12	""
STYLE	BJ23	79	12	""
STYLE	BK23	79	12	""
STYLE	BL23	79	12	""
STYLE	BM23	79	12	""
STYLE	BN23	79	12	""
STYLE	BO23	80	12	""
STYLE	BP23	75	7	"Менеджмент в \r\nздравоохранении"
STYLE	BQ23	76	7	""
STYLE	BR23	76	7	""
STYLE	BS23	76	7	""
STYLE	BT23	76	7	""
STYLE	BU23	76	7	""
STYLE	BV23	76	7	""
STYLE	BW23	77	7	""
STYLE	BZ23	92	11	"Офтальмология"
STYLE	CA23	93	11	""
STYLE	CB23	93	11	""
STYLE	CC23	93	11	""
STYLE	CD23	94	11	""
STYLE	CE23	81	10	"Урология"
STYLE	CF23	82	10	""
STYLE	CG23	82	10	""
STYLE	CH23	82	10	""
STYLE	CI23	83	10	""
STYLE	CJ23	89	9	"Факультет.\r\nхирургия"
STYLE	CK23	90	9	""
STYLE	CL23	90	9	""
STYLE	CM23	91	9	""
STYLE	CN23	22	7	"М"
STYLE	CQ23	154	2	""
STYLE	CR23	155	2	""
STYLE	CS23	155	2	""
STYLE	CT23	155	2	""
STYLE	CU23	155	2	""
STYLE	CV23	155	2	""
STYLE	CW23	155	2	""
STYLE	CX23	155	2	""
STYLE	CY23	155	2	""
STYLE	CZ23	155	2	""
STYLE	DA23	155	2	""
STYLE	DB23	156	2	""
STYLE	C24	95	8	"Акушерство и гинекология"
STYLE	D24	96	8	""
STYLE	E24	96	8	""
STYLE	F24	96	8	""
STYLE	G24	96	8	""
STYLE	H24	96	8	""
STYLE	I24	96	8	""
STYLE	J24	96	8	""
STYLE	K24	96	8	""
STYLE	L24	96	8	""
STYLE	M24	96	8	""
STYLE	N24	97	8	""
STYLE	O24	106	6	"Оториноларингология"
STYLE	P24	107	6	""
STYLE	Q24	107	6	""
STYLE	R24	107	6	""
STYLE	S24	107	6	""
STYLE	T24	107	6	""
STYLE	U24	107	6	""
STYLE	V24	107	6	""
STYLE	W24	107	6	""
STYLE	X24	107	6	""
STYLE	Y24	107	6	""
STYLE	Z24	107	6	""
STYLE	AA24	108	6	""
STYLE	AB24	98	5	"Психиатрия, МП"
STYLE	AC24	99	5	""
STYLE	AD24	99	5	""
STYLE	AE24	99	5	""
STYLE	AF24	99	5	""
STYLE	AG24	100	5	""
STYLE	AH24	86	4	"Неврология, нейрохирургия "
STYLE	AI24	87	4	""
STYLE	AJ24	87	4	""
STYLE	AK24	87	4	""
STYLE	AL24	87	4	""
STYLE	AM24	87	4	""
STYLE	AN24	87	4	""
STYLE	AO24	87	4	""
STYLE	AP24	87	4	""
STYLE	AQ24	88	4	""
STYLE	AR24	113	3	"Факультетская терапия,\r\nпрофессиональные  болезни"
STYLE	AS24	111	3	""
STYLE	AT24	111	3	""
STYLE	AU24	111	3	""
STYLE	AV24	111	3	""
STYLE	AW24	111	3	""
STYLE	AX24	111	3	""
STYLE	AY24	111	3	""
STYLE	AZ24	111	3	""
STYLE	BA24	111	3	""
STYLE	BB24	111	3	""
STYLE	BC24	111	3	""
STYLE	BD24	111	3	""
STYLE	BE24	111	3	""
STYLE	BF24	111	3	""
STYLE	BG24	112	3	""
STYLE	BH24	78	12	"Педиатрия"
STYLE	BI24	79	12	""
STYLE	BJ24	79	12	""
STYLE	BK24	79	12	""
STYLE	BL24	79	12	""
STYLE	BM24	79	12	""
STYLE	BN24	79	12	""
STYLE	BO24	80	12	""
STYLE	BP24	75	7	"Менеджмент в *\r\nздравоохранении"
STYLE	BQ24	76	7	""
STYLE	BR24	76	7	""
STYLE	BS24	76	7	""
STYLE	BT24	76	7	""
STYLE	BU24	76	7	""
STYLE	BV24	76	7	""
STYLE	BW24	77	7	""
STYLE	BZ24	103	11	"Офтальмология"
STYLE	CA24	104	11	""
STYLE	CB24	104	11	""
STYLE	CC24	104	11	""
STYLE	CD24	105	11	""
STYLE	CE24	84	10	"Урология"
STYLE	CF24	85	10	""
STYLE	CG24	82	10	""
STYLE	CH24	82	10	""
STYLE	CI24	83	10	""
STYLE	CJ24	89	9	"Факультет.\r\nхирургия"
STYLE	CK24	90	9	""
STYLE	CL24	90	9	""
STYLE	CM24	91	9	""
STYLE	CN24	22	7	"М"
STYLE	CQ24	154	2	""
STYLE	CR24	155	2	""
STYLE	CS24	155	2	""
STYLE	CT24	155	2	""
STYLE	CU24	155	2	""
STYLE	CV24	155	2	""
STYLE	CW24	155	2	""
STYLE	CX24	155	2	""
STYLE	CY24	155	2	""
STYLE	CZ24	155	2	""
STYLE	DA24	155	2	""
STYLE	DB24	156	2	""
STYLE	C25	81	10	"Урология"
STYLE	D25	82	10	""
STYLE	E25	82	10	""
STYLE	F25	82	10	""
STYLE	G25	83	10	""
STYLE	H25	89	9	"Факультет.\r\nхирургия"
STYLE	I25	90	9	""
STYLE	J25	90	9	""
STYLE	K25	91	9	""
STYLE	L25	92	11	"Офтальмология"
STYLE	M25	93	11	""
STYLE	N25	93	11	""
STYLE	O25	93	11	""
STYLE	P25	94	11	""
STYLE	Q25	106	6	"Оториноларингология"
STYLE	R25	107	6	""
STYLE	S25	107	6	""
STYLE	T25	107	6	""
STYLE	U25	107	6	""
STYLE	V25	107	6	""
STYLE	W25	107	6	""
STYLE	X25	107	6	""
STYLE	Y25	107	6	""
STYLE	Z25	107	6	""
STYLE	AA25	107	6	""
STYLE	AB25	107	6	""
STYLE	AC25	108	6	""
STYLE	AD25	95	8	"Акушерство и гинекология"
STYLE	AE25	96	8	""
STYLE	AF25	96	8	""
STYLE	AG25	96	8	""
STYLE	AH25	96	8	""
STYLE	AI25	96	8	""
STYLE	AJ25	96	8	""
STYLE	AK25	96	8	""
STYLE	AL25	96	8	""
STYLE	AM25	96	8	""
STYLE	AN25	96	8	""
STYLE	AO25	97	8	""
STYLE	AR25	86	4	"Неврология, нейрохирургия "
STYLE	AS25	87	4	""
STYLE	AT25	87	4	""
STYLE	AU25	87	4	""
STYLE	AV25	87	4	""
STYLE	AW25	87	4	""
STYLE	AX25	87	4	""
STYLE	AY25	87	4	""
STYLE	AZ25	87	4	""
STYLE	BA25	88	4	""
STYLE	BB25	98	5	"Психиатрия, МП"
STYLE	BC25	99	5	""
STYLE	BD25	99	5	""
STYLE	BE25	99	5	""
STYLE	BF25	99	5	""
STYLE	BG25	100	5	""
STYLE	BH25	113	3	"Факультетская терапия,\r\nпрофессиональные  болезни"
STYLE	BI25	111	3	""
STYLE	BJ25	111	3	""
STYLE	BK25	111	3	""
STYLE	BL25	111	3	""
STYLE	BM25	111	3	""
STYLE	BN25	111	3	""
STYLE	BO25	111	3	""
STYLE	BP25	111	3	""
STYLE	BQ25	111	3	""
STYLE	BR25	111	3	""
STYLE	BS25	111	3	""
STYLE	BT25	111	3	""
STYLE	BU25	111	3	""
STYLE	BV25	111	3	""
STYLE	BW25	111	3	""
STYLE	BX25	30	7	""
STYLE	BZ25	101	7	"Менеджмент в \r\nздравоохранении"
STYLE	CA25	101	7	""
STYLE	CB25	101	7	""
STYLE	CC25	101	7	""
STYLE	CD25	101	7	""
STYLE	CE25	101	7	""
STYLE	CF25	102	7	""
STYLE	CG25	79	12	"Педиатрия"
STYLE	CH25	79	12	""
STYLE	CI25	79	12	""
STYLE	CJ25	79	12	""
STYLE	CK25	79	12	""
STYLE	CL25	79	12	""
STYLE	CM25	79	12	""
STYLE	CN25	80	12	""
STYLE	CO25	22	7	"М"
STYLE	CQ25	154	2	""
STYLE	CR25	155	2	""
STYLE	CS25	155	2	""
STYLE	CT25	155	2	""
STYLE	CU25	155	2	""
STYLE	CV25	155	2	""
STYLE	CW25	155	2	""
STYLE	CX25	155	2	""
STYLE	CY25	155	2	""
STYLE	CZ25	155	2	""
STYLE	DA25	155	2	""
STYLE	DB25	156	2	""
STYLE	C26	81	10	"Урология"
STYLE	D26	82	10	""
STYLE	E26	82	10	""
STYLE	F26	82	10	""
STYLE	G26	83	10	""
STYLE	H26	89	9	"Факультет.\r\nхирургия"
STYLE	I26	90	9	""
STYLE	J26	90	9	""
STYLE	K26	91	9	""
STYLE	L26	92	11	"Офтальмология"
STYLE	M26	93	11	""
STYLE	N26	93	11	""
STYLE	O26	93	11	""
STYLE	P26	94	11	""
STYLE	Q26	106	6	"Оториноларингология"
STYLE	R26	107	6	""
STYLE	S26	107	6	""
STYLE	T26	107	6	""
STYLE	U26	107	6	""
STYLE	V26	107	6	""
STYLE	W26	107	6	""
STYLE	X26	107	6	""
STYLE	Y26	107	6	""
STYLE	Z26	107	6	""
STYLE	AA26	107	6	""
STYLE	AB26	107	6	""
STYLE	AC26	108	6	""
STYLE	AD26	95	8	"Акушерство и гинекология"
STYLE	AE26	96	8	""
STYLE	AF26	96	8	""
STYLE	AG26	96	8	""
STYLE	AH26	96	8	""
STYLE	AI26	96	8	""
STYLE	AJ26	96	8	""
STYLE	AK26	96	8	""
STYLE	AL26	96	8	""
STYLE	AM26	96	8	""
STYLE	AN26	96	8	""
STYLE	AO26	97	8	""
STYLE	AR26	86	4	"Неврология, нейрохирургия *"
STYLE	AS26	87	4	""
STYLE	AT26	87	4	""
STYLE	AU26	87	4	""
STYLE	AV26	87	4	""
STYLE	AW26	87	4	""
STYLE	AX26	87	4	""
STYLE	AY26	87	4	""
STYLE	AZ26	87	4	""
STYLE	BA26	88	4	""
STYLE	BB26	98	5	"Психиатрия, МП"
STYLE	BC26	99	5	""
STYLE	BD26	99	5	""
STYLE	BE26	99	5	""
STYLE	BF26	99	5	""
STYLE	BG26	100	5	""
STYLE	BH26	113	3	"Факультетская терапия,\r\nпрофессиональные  болезни"
STYLE	BI26	111	3	""
STYLE	BJ26	111	3	""
STYLE	BK26	111	3	""
STYLE	BL26	111	3	""
STYLE	BM26	111	3	""
STYLE	BN26	111	3	""
STYLE	BO26	111	3	""
STYLE	BP26	111	3	""
STYLE	BQ26	111	3	""
STYLE	BR26	111	3	""
STYLE	BS26	111	3	""
STYLE	BT26	111	3	""
STYLE	BU26	111	3	""
STYLE	BV26	111	3	""
STYLE	BW26	111	3	""
STYLE	BX26	30	7	""
STYLE	BZ26	101	7	"Менеджмент в \r\nздравоохранении"
STYLE	CA26	101	7	""
STYLE	CB26	101	7	""
STYLE	CC26	101	7	""
STYLE	CD26	101	7	""
STYLE	CE26	101	7	""
STYLE	CF26	102	7	""
STYLE	CG26	79	12	"Педиатрия"
STYLE	CH26	79	12	""
STYLE	CI26	79	12	""
STYLE	CJ26	79	12	""
STYLE	CK26	79	12	""
STYLE	CL26	79	12	""
STYLE	CM26	79	12	""
STYLE	CN26	80	12	""
STYLE	CO26	22	7	"М"
STYLE	CQ26	154	2	""
STYLE	CR26	155	2	""
STYLE	CS26	155	2	""
STYLE	CT26	155	2	""
STYLE	CU26	155	2	""
STYLE	CV26	155	2	""
STYLE	CW26	155	2	""
STYLE	CX26	155	2	""
STYLE	CY26	155	2	""
STYLE	CZ26	155	2	""
STYLE	DA26	155	2	""
STYLE	DB26	156	2	""
STYLE	C27	92	11	"Офтальмология"
STYLE	D27	93	11	""
STYLE	E27	93	11	""
STYLE	F27	93	11	""
STYLE	G27	94	11	""
STYLE	H27	81	10	"Урология"
STYLE	I27	82	10	""
STYLE	J27	82	10	""
STYLE	K27	82	10	""
STYLE	L27	83	10	""
STYLE	M27	89	9	"Факультет.\r\nхирургия"
STYLE	N27	90	9	""
STYLE	O27	90	9	""
STYLE	P27	91	9	""
STYLE	Q27	95	8	"Акушерство и гинекология"
STYLE	R27	96	8	""
STYLE	S27	96	8	""
STYLE	T27	96	8	""
STYLE	U27	96	8	""
STYLE	V27	96	8	""
STYLE	W27	96	8	""
STYLE	X27	96	8	""
STYLE	Y27	96	8	""
STYLE	Z27	96	8	""
STYLE	AA27	96	8	""
STYLE	AB27	97	8	""
STYLE	AD27	106	6	"Оториноларингология"
STYLE	AE27	107	6	""
STYLE	AF27	107	6	""
STYLE	AG27	107	6	""
STYLE	AH27	107	6	""
STYLE	AI27	107	6	""
STYLE	AJ27	107	6	""
STYLE	AK27	107	6	""
STYLE	AL27	107	6	""
STYLE	AM27	107	6	""
STYLE	AN27	107	6	""
STYLE	AO27	107	6	""
STYLE	AP27	108	6	""
STYLE	AR27	98	5	"Психиатрия, МП"
STYLE	AS27	99	5	""
STYLE	AT27	99	5	""
STYLE	AU27	99	5	""
STYLE	AV27	99	5	""
STYLE	AW27	100	5	""
STYLE	AX27	86	4	"Неврология, нейрохирургия "
STYLE	AY27	87	4	""
STYLE	AZ27	87	4	""
STYLE	BA27	87	4	""
STYLE	BB27	87	4	""
STYLE	BC27	87	4	""
STYLE	BD27	87	4	""
STYLE	BE27	87	4	""
STYLE	BF27	87	4	""
STYLE	BG27	88	4	""
STYLE	BH27	113	3	"Факультетская терапия,\r\nпрофессиональные  болезни"
STYLE	BI27	111	3	""
STYLE	BJ27	111	3	""
STYLE	BK27	111	3	""
STYLE	BL27	111	3	""
STYLE	BM27	111	3	""
STYLE	BN27	111	3	""
STYLE	BO27	111	3	""
STYLE	BP27	111	3	""
STYLE	BQ27	111	3	""
STYLE	BR27	111	3	""
STYLE	BS27	111	3	""
STYLE	BT27	111	3	""
STYLE	BU27	111	3	""
STYLE	BV27	111	3	""
STYLE	BW27	112	3	""
STYLE	BX27	28	12	""
STYLE	BZ27	109	12	"Педиатрия"
STYLE	CA27	109	12	""
STYLE	CB27	109	12	""
STYLE	CC27	109	12	""
STYLE	CD27	109	12	""
STYLE	CE27	109	12	""
STYLE	CF27	110	12	""
STYLE	CG27	75	7	"Менеджмент в \r\nздравоохранении"
STYLE	CH27	76	7	""
STYLE	CI27	76	7	""
STYLE	CJ27	76	7	""
STYLE	CK27	76	7	""
STYLE	CL27	76	7	""
STYLE	CM27	76	7	""
STYLE	CN27	77	7	""
STYLE	CO27	22	7	"М"
STYLE	CQ27	154	2	""
STYLE	CR27	155	2	""
STYLE	CS27	155	2	""
STYLE	CT27	155	2	""
STYLE	CU27	155	2	""
STYLE	CV27	155	2	""
STYLE	CW27	155	2	""
STYLE	CX27	155	2	""
STYLE	CY27	155	2	""
STYLE	CZ27	155	2	""
STYLE	DA27	155	2	""
STYLE	DB27	156	2	""
STYLE	C28	92	11	"Офтальмология"
STYLE	D28	93	11	""
STYLE	E28	93	11	""
STYLE	F28	93	11	""
STYLE	G28	94	11	""
STYLE	H28	81	10	"Урология"
STYLE	I28	82	10	""
STYLE	J28	82	10	""
STYLE	K28	82	10	""
STYLE	L28	83	10	""
STYLE	M28	89	9	"Факультет.\r\nхирургия"
STYLE	N28	90	9	""
STYLE	O28	90	9	""
STYLE	P28	91	9	""
STYLE	Q28	95	8	"Акушерство и гинекология"
STYLE	R28	96	8	""
STYLE	S28	96	8	""
STYLE	T28	96	8	""
STYLE	U28	96	8	""
STYLE	V28	96	8	""
STYLE	W28	96	8	""
STYLE	X28	96	8	""
STYLE	Y28	96	8	""
STYLE	Z28	96	8	""
STYLE	AA28	96	8	""
STYLE	AB28	97	8	""
STYLE	AD28	106	6	"Оториноларингология"
STYLE	AE28	107	6	""
STYLE	AF28	107	6	""
STYLE	AG28	107	6	""
STYLE	AH28	107	6	""
STYLE	AI28	107	6	""
STYLE	AJ28	107	6	""
STYLE	AK28	107	6	""
STYLE	AL28	107	6	""
STYLE	AM28	107	6	""
STYLE	AN28	107	6	""
STYLE	AO28	107	6	""
STYLE	AP28	108	6	""
STYLE	AR28	98	5	"Психиатрия, МП"
STYLE	AS28	99	5	""
STYLE	AT28	99	5	""
STYLE	AU28	99	5	""
STYLE	AV28	99	5	""
STYLE	AW28	100	5	""
STYLE	AX28	86	4	"Неврология, нейрохирургия "
STYLE	AY28	87	4	""
STYLE	AZ28	87	4	""
STYLE	BA28	87	4	""
STYLE	BB28	87	4	""
STYLE	BC28	87	4	""
STYLE	BD28	87	4	""
STYLE	BE28	87	4	""
STYLE	BF28	87	4	""
STYLE	BG28	88	4	""
STYLE	BH28	113	3	"Факультетская терапия,\r\nпрофессиональные  болезни"
STYLE	BI28	111	3	""
STYLE	BJ28	111	3	""
STYLE	BK28	111	3	""
STYLE	BL28	111	3	""
STYLE	BM28	111	3	""
STYLE	BN28	111	3	""
STYLE	BO28	111	3	""
STYLE	BP28	111	3	""
STYLE	BQ28	111	3	""
STYLE	BR28	111	3	""
STYLE	BS28	111	3	""
STYLE	BT28	111	3	""
STYLE	BU28	111	3	""
STYLE	BV28	111	3	""
STYLE	BW28	112	3	""
STYLE	BX28	26	12	""
STYLE	BZ28	79	12	"Педиатрия"
STYLE	CA28	79	12	""
STYLE	CB28	79	12	""
STYLE	CC28	79	12	""
STYLE	CD28	79	12	""
STYLE	CE28	79	12	""
STYLE	CF28	80	12	""
STYLE	CG28	75	7	"Менеджмент в *\r\nздравоохранении"
STYLE	CH28	76	7	""
STYLE	CI28	76	7	""
STYLE	CJ28	76	7	""
STYLE	CK28	76	7	""
STYLE	CL28	76	7	""
STYLE	CM28	76	7	""
STYLE	CN28	77	7	""
STYLE	CO28	22	7	"М"
STYLE	CQ28	154	2	""
STYLE	CR28	155	2	""
STYLE	CS28	155	2	""
STYLE	CT28	155	2	""
STYLE	CU28	155	2	""
STYLE	CV28	155	2	""
STYLE	CW28	155	2	""
STYLE	CX28	155	2	""
STYLE	CY28	155	2	""
STYLE	CZ28	155	2	""
STYLE	DA28	155	2	""
STYLE	DB28	156	2	""
STYLE	C29	75	7	"Менеджмент в \r\nздравоохранении"
STYLE	D29	76	7	""
STYLE	E29	76	7	""
STYLE	F29	76	7	""
STYLE	G29	76	7	""
STYLE	H29	76	7	""
STYLE	I29	76	7	""
STYLE	J29	77	7	""
STYLE	K29	78	12	"Педиатрия"
STYLE	L29	79	12	""
STYLE	M29	79	12	""
STYLE	N29	79	12	""
STYLE	O29	79	12	""
STYLE	P29	79	12	""
STYLE	Q29	79	12	""
STYLE	R29	80	12	""
STYLE	S29	81	10	"Урология"
STYLE	T29	82	10	""
STYLE	U29	82	10	""
STYLE	V29	82	10	""
STYLE	W29	83	10	""
STYLE	X29	89	9	"Факультет.\r\nхирургия"
STYLE	Y29	90	9	""
STYLE	Z29	90	9	""
STYLE	AA29	91	9	""
STYLE	AB29	92	11	"Офтальмология"
STYLE	AC29	93	11	""
STYLE	AD29	93	11	""
STYLE	AE29	93	11	""
STYLE	AF29	94	11	""
STYLE	AG29	22	7	"М"
STYLE	AH29	106	6	"Оториноларингология"
STYLE	AI29	107	6	""
STYLE	AJ29	107	6	""
STYLE	AK29	107	6	""
STYLE	AL29	107	6	""
STYLE	AM29	107	6	""
STYLE	AN29	107	6	""
STYLE	AO29	107	6	""
STYLE	AP29	107	6	""
STYLE	AQ29	107	6	""
STYLE	AR29	107	6	""
STYLE	AS29	107	6	""
STYLE	AT29	108	6	""
STYLE	AU29	95	8	"Акушерство и гинекология"
STYLE	AV29	96	8	""
STYLE	AW29	96	8	""
STYLE	AX29	96	8	""
STYLE	AY29	96	8	""
STYLE	AZ29	96	8	""
STYLE	BA29	96	8	""
STYLE	BB29	96	8	""
STYLE	BC29	96	8	""
STYLE	BD29	96	8	""
STYLE	BE29	96	8	""
STYLE	BF29	97	8	""
STYLE	BH29	86	4	"Неврология, нейрохирургия "
STYLE	BI29	87	4	""
STYLE	BJ29	87	4	""
STYLE	BK29	87	4	""
STYLE	BL29	87	4	""
STYLE	BM29	87	4	""
STYLE	BN29	87	4	""
STYLE	BO29	87	4	""
STYLE	BP29	87	4	""
STYLE	BQ29	88	4	""
STYLE	BR29	98	5	"Психиатрия, МП"
STYLE	BS29	99	5	""
STYLE	BT29	99	5	""
STYLE	BU29	99	5	""
STYLE	BV29	99	5	""
STYLE	BW29	100	5	""
STYLE	BX29	21	3	""
STYLE	BZ29	111	3	"Факультетская терапия, проф. болезни"
STYLE	CA29	111	3	""
STYLE	CB29	111	3	""
STYLE	CC29	111	3	""
STYLE	CD29	111	3	""
STYLE	CE29	111	3	""
STYLE	CF29	111	3	""
STYLE	CG29	111	3	""
STYLE	CH29	111	3	""
STYLE	CI29	111	3	""
STYLE	CJ29	111	3	""
STYLE	CK29	111	3	""
STYLE	CL29	111	3	""
STYLE	CM29	111	3	""
STYLE	CN29	112	3	""
STYLE	CQ29	154	2	""
STYLE	CR29	155	2	""
STYLE	CS29	155	2	""
STYLE	CT29	155	2	""
STYLE	CU29	155	2	""
STYLE	CV29	155	2	""
STYLE	CW29	155	2	""
STYLE	CX29	155	2	""
STYLE	CY29	155	2	""
STYLE	CZ29	155	2	""
STYLE	DA29	155	2	""
STYLE	DB29	156	2	""
STYLE	C30	75	7	"Менеджмент в \r\nздравоохранении"
STYLE	D30	76	7	""
STYLE	E30	76	7	""
STYLE	F30	76	7	""
STYLE	G30	76	7	""
STYLE	H30	76	7	""
STYLE	I30	76	7	""
STYLE	J30	77	7	""
STYLE	K30	78	12	"Педиатрия"
STYLE	L30	79	12	""
STYLE	M30	79	12	""
STYLE	N30	79	12	""
STYLE	O30	79	12	""
STYLE	P30	79	12	""
STYLE	Q30	79	12	""
STYLE	R30	80	12	""
STYLE	S30	81	10	"Урология"
STYLE	T30	82	10	""
STYLE	U30	82	10	""
STYLE	V30	82	10	""
STYLE	W30	83	10	""
STYLE	X30	89	9	"Факультет.\r\nхирургия"
STYLE	Y30	90	9	""
STYLE	Z30	90	9	""
STYLE	AA30	91	9	""
STYLE	AB30	92	11	"Офтальмология"
STYLE	AC30	93	11	""
STYLE	AD30	93	11	""
STYLE	AE30	93	11	""
STYLE	AF30	94	11	""
STYLE	AG30	22	7	"М"
STYLE	AH30	106	6	"Оториноларингология"
STYLE	AI30	107	6	""
STYLE	AJ30	107	6	""
STYLE	AK30	107	6	""
STYLE	AL30	107	6	""
STYLE	AM30	107	6	""
STYLE	AN30	107	6	""
STYLE	AO30	107	6	""
STYLE	AP30	107	6	""
STYLE	AQ30	107	6	""
STYLE	AR30	107	6	""
STYLE	AS30	107	6	""
STYLE	AT30	108	6	""
STYLE	AU30	95	8	"Акушерство и гинекология"
STYLE	AV30	96	8	""
STYLE	AW30	96	8	""
STYLE	AX30	96	8	""
STYLE	AY30	96	8	""
STYLE	AZ30	96	8	""
STYLE	BA30	96	8	""
STYLE	BB30	96	8	""
STYLE	BC30	96	8	""
STYLE	BD30	96	8	""
STYLE	BE30	96	8	""
STYLE	BF30	97	8	""
STYLE	BH30	86	4	"Неврология, нейрохирургия *"
STYLE	BI30	87	4	""
STYLE	BJ30	87	4	""
STYLE	BK30	87	4	""
STYLE	BL30	87	4	""
STYLE	BM30	87	4	""
STYLE	BN30	87	4	""
STYLE	BO30	87	4	""
STYLE	BP30	87	4	""
STYLE	BQ30	88	4	""
STYLE	BR30	98	5	"Психиатрия, МП"
STYLE	BS30	99	5	""
STYLE	BT30	99	5	""
STYLE	BU30	99	5	""
STYLE	BV30	99	5	""
STYLE	BW30	100	5	""
STYLE	BX30	21	3	""
STYLE	BZ30	111	3	"Факультетская терапия, проф. болезни"
STYLE	CA30	111	3	""
STYLE	CB30	111	3	""
STYLE	CC30	111	3	""
STYLE	CD30	111	3	""
STYLE	CE30	111	3	""
STYLE	CF30	111	3	""
STYLE	CG30	111	3	""
STYLE	CH30	111	3	""
STYLE	CI30	111	3	""
STYLE	CJ30	111	3	""
STYLE	CK30	111	3	""
STYLE	CL30	111	3	""
STYLE	CM30	111	3	""
STYLE	CN30	112	3	""
STYLE	CQ30	154	2	""
STYLE	CR30	155	2	""
STYLE	CS30	155	2	""
STYLE	CT30	155	2	""
STYLE	CU30	155	2	""
STYLE	CV30	155	2	""
STYLE	CW30	155	2	""
STYLE	CX30	155	2	""
STYLE	CY30	155	2	""
STYLE	CZ30	155	2	""
STYLE	DA30	155	2	""
STYLE	DB30	156	2	""
STYLE	C31	78	12	"Педиатрия"
STYLE	D31	79	12	""
STYLE	E31	79	12	""
STYLE	F31	79	12	""
STYLE	G31	79	12	""
STYLE	H31	79	12	""
STYLE	I31	79	12	""
STYLE	J31	80	12	""
STYLE	K31	75	7	"Менеджмент в \r\nздравоохранении"
STYLE	L31	76	7	""
STYLE	M31	76	7	""
STYLE	N31	76	7	""
STYLE	O31	76	7	""
STYLE	P31	76	7	""
STYLE	Q31	76	7	""
STYLE	R31	77	7	""
STYLE	S31	92	11	"Офтальмология"
STYLE	T31	93	11	""
STYLE	U31	93	11	""
STYLE	V31	93	11	""
STYLE	W31	94	11	""
STYLE	X31	81	10	"Урология"
STYLE	Y31	82	10	""
STYLE	Z31	82	10	""
STYLE	AA31	82	10	""
STYLE	AB31	83	10	""
STYLE	AC31	89	9	"Факультет.\r\nхирургия"
STYLE	AD31	90	9	""
STYLE	AE31	90	9	""
STYLE	AF31	91	9	""
STYLE	AG31	95	8	"Акушерство и гинекология"
STYLE	AH31	96	8	""
STYLE	AI31	96	8	""
STYLE	AJ31	96	8	""
STYLE	AK31	96	8	""
STYLE	AL31	96	8	""
STYLE	AM31	96	8	""
STYLE	AN31	96	8	""
STYLE	AO31	96	8	""
STYLE	AP31	96	8	""
STYLE	AQ31	96	8	""
STYLE	AR31	97	8	""
STYLE	AS31	22	7	"М"
STYLE	AT31	106	6	"Оториноларингология"
STYLE	AU31	107	6	""
STYLE	AV31	107	6	""
STYLE	AW31	107	6	""
STYLE	AX31	107	6	""
STYLE	AY31	107	6	""
STYLE	AZ31	107	6	""
STYLE	BA31	107	6	""
STYLE	BB31	107	6	""
STYLE	BC31	107	6	""
STYLE	BD31	107	6	""
STYLE	BE31	107	6	""
STYLE	BF31	108	6	""
STYLE	BH31	98	5	"Психиатрия, МП"
STYLE	BI31	99	5	""
STYLE	BJ31	99	5	""
STYLE	BK31	99	5	""
STYLE	BL31	99	5	""
STYLE	BM31	100	5	""
STYLE	BN31	86	4	"Неврология, нейрохирургия "
STYLE	BO31	87	4	""
STYLE	BP31	87	4	""
STYLE	BQ31	87	4	""
STYLE	BR31	87	4	""
STYLE	BS31	87	4	""
STYLE	BT31	87	4	""
STYLE	BU31	87	4	""
STYLE	BV31	87	4	""
STYLE	BW31	88	4	""
STYLE	BX31	21	3	""
STYLE	BZ31	111	3	"Факультетская терапия, проф. болезни"
STYLE	CA31	111	3	""
STYLE	CB31	111	3	""
STYLE	CC31	111	3	""
STYLE	CD31	111	3	""
STYLE	CE31	111	3	""
STYLE	CF31	111	3	""
STYLE	CG31	111	3	""
STYLE	CH31	111	3	""
STYLE	CI31	111	3	""
STYLE	CJ31	111	3	""
STYLE	CK31	111	3	""
STYLE	CL31	111	3	""
STYLE	CM31	111	3	""
STYLE	CN31	112	3	""
STYLE	CQ31	154	2	""
STYLE	CR31	155	2	""
STYLE	CS31	155	2	""
STYLE	CT31	155	2	""
STYLE	CU31	155	2	""
STYLE	CV31	155	2	""
STYLE	CW31	155	2	""
STYLE	CX31	155	2	""
STYLE	CY31	155	2	""
STYLE	CZ31	155	2	""
STYLE	DA31	155	2	""
STYLE	DB31	156	2	""
STYLE	C32	78	12	"Педиатрия"
STYLE	D32	79	12	""
STYLE	E32	79	12	""
STYLE	F32	79	12	""
STYLE	G32	79	12	""
STYLE	H32	79	12	""
STYLE	I32	79	12	""
STYLE	J32	80	12	""
STYLE	K32	75	7	"Менеджмент в *\r\nздравоохранении"
STYLE	L32	76	7	""
STYLE	M32	76	7	""
STYLE	N32	76	7	""
STYLE	O32	76	7	""
STYLE	P32	76	7	""
STYLE	Q32	76	7	""
STYLE	R32	77	7	""
STYLE	S32	92	11	"Офтальмология"
STYLE	T32	93	11	""
STYLE	U32	93	11	""
STYLE	V32	93	11	""
STYLE	W32	94	11	""
STYLE	X32	81	10	"Урология"
STYLE	Y32	82	10	""
STYLE	Z32	82	10	""
STYLE	AA32	82	10	""
STYLE	AB32	83	10	""
STYLE	AC32	89	9	"Факультет.\r\nхирургия"
STYLE	AD32	90	9	""
STYLE	AE32	90	9	""
STYLE	AF32	91	9	""
STYLE	AG32	95	8	"Акушерство и гинекология"
STYLE	AH32	96	8	""
STYLE	AI32	96	8	""
STYLE	AJ32	96	8	""
STYLE	AK32	96	8	""
STYLE	AL32	96	8	""
STYLE	AM32	96	8	""
STYLE	AN32	96	8	""
STYLE	AO32	96	8	""
STYLE	AP32	96	8	""
STYLE	AQ32	96	8	""
STYLE	AR32	97	8	""
STYLE	AS32	22	7	"М"
STYLE	AT32	106	6	"Оториноларингология"
STYLE	AU32	107	6	""
STYLE	AV32	107	6	""
STYLE	AW32	107	6	""
STYLE	AX32	107	6	""
STYLE	AY32	107	6	""
STYLE	AZ32	107	6	""
STYLE	BA32	107	6	""
STYLE	BB32	107	6	""
STYLE	BC32	107	6	""
STYLE	BD32	107	6	""
STYLE	BE32	107	6	""
STYLE	BF32	108	6	""
STYLE	BH32	98	5	"Психиатрия, МП"
STYLE	BI32	99	5	""
STYLE	BJ32	99	5	""
STYLE	BK32	99	5	""
STYLE	BL32	99	5	""
STYLE	BM32	100	5	""
STYLE	BN32	86	4	"Неврология, нейрохирургия "
STYLE	BO32	87	4	""
STYLE	BP32	87	4	""
STYLE	BQ32	87	4	""
STYLE	BR32	87	4	""
STYLE	BS32	87	4	""
STYLE	BT32	87	4	""
STYLE	BU32	87	4	""
STYLE	BV32	87	4	""
STYLE	BW32	88	4	""
STYLE	BX32	21	3	""
STYLE	BZ32	111	3	"Факультетская терапия, проф. болезни"
STYLE	CA32	111	3	""
STYLE	CB32	111	3	""
STYLE	CC32	111	3	""
STYLE	CD32	111	3	""
STYLE	CE32	111	3	""
STYLE	CF32	111	3	""
STYLE	CG32	111	3	""
STYLE	CH32	111	3	""
STYLE	CI32	111	3	""
STYLE	CJ32	111	3	""
STYLE	CK32	111	3	""
STYLE	CL32	111	3	""
STYLE	CM32	111	3	""
STYLE	CN32	112	3	""
STYLE	CQ32	157	2	""
STYLE	CR32	158	2	""
STYLE	CS32	158	2	""
STYLE	CT32	158	2	""
STYLE	CU32	158	2	""
STYLE	CV32	158	2	""
STYLE	CW32	158	2	""
STYLE	CX32	158	2	""
STYLE	CY32	158	2	""
STYLE	CZ32	158	2	""
STYLE	DA32	158	2	""
STYLE	DB32	159	2	""
